"cow","slp_feed_intake","slp_feed_duration","slp_feed_visits","slp_water_intake","slp_water_duration","slp_water_visits","slp_total_meals","slp_median_meal_duration","slp_median_visit_per_meal","slp_median_intake_per_meal","slp_median_feeding_pct_per_meal","slp_number_of_non_nutritive_visits","slp_median_pct_feed_remaining","slp_median_non_nutritive_per_meal","slp_total_actor","slp_total_reactor"
"2007",7.74251048122194,1812.2747529336,0.190546239435174,13.3273145156965,0.199125992276409,0.209607264009503,0.210668722396205,0.265643777245807,0.293883735042682,0.236570668818138,6.21434064154667,0.382634213821726,12.5352649997278,0.35635137421323,0.389067882054193,0.348919131826494
"2051",6.30649435930544,1389.28874334691,0.200771561217607,13.6033312880283,0.203317075155001,0.266845869735118,0.195785687273293,0.248234351649719,0.293667728122843,0.238184603208303,4.84663506974155,0.386443157547437,13.919541025737,0.378458978317785,0.374652439471364,0.436447827378224
"2063",5.69212223883719,1643.75134724971,0.212992008516713,11.0736946581293,0.211300388710398,0.254398947215434,0.212789640469852,0.300483307287679,0.318755722678074,0.322656473503682,7.60566163937178,0.393235325814896,12.6863663591445,0.368185247334226,0.382236121312218,0.420496273520218
"3067",6.76367427384436,1592.58105752885,0.214798436360639,19.6292884951111,0.249959570193332,0.246398308597282,0.202188526543909,0.260440437978779,0.298081536862154,0.220911371164171,5.50986820805582,0.429918819704183,16.6097146779937,0.396042086665653,0.505918910464949,0.373959310144477
"3117",5.94450766106472,2065.41913746113,0.158779263278987,14.8158063396997,0.192095293235219,0.232259064565037,0.214913223483118,0.33528849858294,0.335313284504613,0.375565278509775,5.08791589620915,0.27372931421095,11.5009362750715,0.382722119141433,0.397065183112986,0.356118770053271
"3131",5.76343642926596,1381.1708475188,0.187916348759407,11.6236189343743,0.198322549098501,0.226215413883573,0.186813295727117,0.271159398840563,0.292416222551577,0.313768629326561,4.13535915092935,0.335888961862798,12.0890565772312,0.364818308079168,0.554128375793301,0.399122027281827
"3150",5.2853731210452,1525.87360442431,0.176385962595173,11.9970204673014,0.20845549053491,0.224643463110929,0.164556649894532,0.216142984166388,0.305250253227429,0.191971246007738,4.97475389011618,0.389711798919022,9.88288679793346,0.363667303870795,0.498068430807096,0.374429535652883
"4001",6.59929295937194,1603.11234212295,0.224383890461478,13.1953141977272,0.196855213357176,0.285982089710059,0.189942124578445,0.293172373155595,0.334430465884852,0.339030439998706,6.55857897829417,0.361460131494359,11.7107537872164,0.397171438687668,0.370510969277271,0.454011709046782
"4008",7.88834354560799,1524.32527490922,0.164368308988892,11.6635334853556,0.193520305411932,0.230445677906694,0.211732393471762,0.311580312063441,0.311126704444506,0.304262311163554,4.84289952050556,0.318632371804119,10.5989663263597,0.398108287147339,0.481897277473096,0.364783585139202
"4026",5.93557665782217,1982.2168458354,0.221003693804205,11.9313015005346,0.241908383563427,0.259227987907007,0.199617859886947,0.281827145836756,0.294640329841797,0.394578295854269,12.054014129985,0.431217045415876,11.7914066062908,0.371593276289066,0.39262967839703,0.409559994671151
"4044",6.41573856090518,1296.38895693177,0.171908343811866,13.8701992064284,0.233161416735834,0.243543443419056,0.200672646276714,0.258573094835256,0.286093375992621,0.260137274887238,5.04961725434446,0.327463835200821,11.5066087291317,0.35383033189677,0.40772207202118,0.401674969762199
"4057",4.60438417634318,1286.36012974286,0.183767190214181,10.990798130529,0.170015308194591,0.207407487423583,0.212374087240522,0.265058957305036,0.322599736701317,0.266943228744808,3.77050536829226,0.358306895131569,10.4163463854687,0.384191175041511,0.371305124464749,0.394845752292669
"4072",5.15129432693886,1777.22466587076,0.202135553750346,10.4117838068837,0.197830774219404,0.254010957259666,0.192285367978922,0.30094381068818,0.305267988147832,0.285080234228561,6.70405171872988,0.376266838060322,11.8148057877025,0.380867222820623,0.454887321847106,0.463538063472749
"4080",6.18456716082015,1420.19678640763,0.171744881604915,10.1799698227312,0.214036616397506,0.245041809982517,0.177059000792745,0.260675154356179,0.293730180471803,0.255711040101291,7.97868728096997,0.306749359636527,10.1436684588149,0.356454502573721,0.305400303346931,0.356810960999728
"5005",8.43002814618057,1611.8030949552,0.269063715520173,11.1102829547719,0.252578237932796,0.321708169349703,0.224048536130645,0.285660170071893,0.342764815815067,0.280115769120136,6.9183666205882,0.527424503212236,15.9684145645381,0.391539165802678,0.445973955178765,0.48990783230739
"5041",6.04510170725783,2010.67088749922,0.261828536553696,11.0911192792739,0.192367300663757,0.288568451151441,0.184405327842346,0.272204673546828,0.312280845429982,0.260136116670609,5.06911317211701,0.447294434540673,12.2237927941961,0.39038814811491,0.364860630877287,0.488939861712925
"5042",5.99472080120377,1104.42314597879,0.187953370665993,11.984662405003,0.275857126767171,0.341388999763629,0.184658741501072,0.269194018551283,0.318375006300584,0.289486104756435,5.99332123694776,0.322342436979566,8.83008512595851,0.3716823614206,0.291553530786547,0.354656155654292
"5061",6.23541761932417,1620.81696331061,0.21230487916683,10.5463697835436,0.200798425714325,0.200099956704004,0.228805475128694,0.277672780098888,0.310426676145656,0.313188591670297,4.89653262740383,0.391178478010581,9.63288935632996,0.37288117936083,0.340867279160432,0.392107007502465
"5064",7.64172454276308,1566.17128868778,0.153876379265168,13.4074778270588,0.201572295593109,0.235585830519483,0.182664225989676,0.275353221877841,0.293783971933348,0.264883935470117,5.56791002093207,0.292380700754607,12.1298823678622,0.383531552709693,0.362457725460324,0.401827675479004
"5096",4.37766809875358,1388.97070264968,0.180670863716409,9.55331322831949,0.200722534006812,0.241357391116501,0.188948981367387,0.28028434125133,0.320780671811377,0.315583738010973,5.07922396358136,0.362418993872518,11.5608638278305,0.373307971236368,0.361847238622639,0.506967480176359
"5100",6.75159107897344,1720.56748279635,0.151113331603573,10.7414585517319,0.221639871913663,0.233361525924406,0.165565806257374,0.28970124922233,0.291153669488201,0.287643711600046,6.47625870972696,0.243109384554863,10.178249971628,0.337752328714224,0.347907203572509,0.418502462924822
"5118",5.76342361646372,1612.81347555118,0.168504155692175,11.7039379138102,0.220184214816293,0.279287324651757,0.195374666362546,0.278767464870582,0.318486371416802,0.28363892030542,4.90228013769321,0.437497780337012,12.2648573064846,0.378276212625162,0.476271401390308,0.394826409352999
"5120",8.11153375592561,1744.19664007256,0.205473172090798,11.1062003959905,0.196283062016285,0.261614375192428,0.211501492161225,0.280100694892359,0.327081480993238,0.280618785344136,4.70572852965514,0.389672683464608,13.2253287181679,0.402169926498393,0.314858186821,0.522087679957219
"5123",6.25861786778715,1788.86599872875,0.189104651146891,12.6454304354138,0.20987085432343,0.229514074307228,0.239392864176708,0.318248784577736,0.366487184626048,0.343218386444903,5.31116591040101,0.344503963218743,14.1666541373649,0.424588034360195,0.446471051577969,0.395987926435298
"5124",6.21415003205638,1887.1686997372,0.205570246855109,10.699184701127,0.181286667339186,0.237028016244478,0.233464974483213,0.283339881499415,0.327548113938994,0.304974291632951,5.03029404449142,0.314957009818228,13.1887123285442,0.375864232946695,0.39657914052855,0.432172684458863
"5133",5.9046139903396,1717.07218685122,0.157430868979726,12.3062486387027,0.214346687896929,0.248379534491442,0.210767196973382,0.28618425178848,0.327138018969795,0.39047918104966,4.94078854544781,0.276944194556849,12.9668194030335,0.364408142553958,0.361819230064781,0.351065146871706
"5135",6.46875767712569,1553.54477908116,0.197483566751082,17.2803863212942,0.210154063776966,0.229227883740846,0.183629891882786,0.268566904513937,0.299905310481211,0.255641364630652,5.13715288195489,0.355858765438572,15.3034999496479,0.374398646093453,0.392083808948879,0.442297317835525
"5137",4.90245220796481,1251.98129184445,0.192264986351613,10.5144855214037,0.177243617558044,0.197305737068169,0.174825658913407,0.259231602506751,0.280089059755698,0.209673987365028,4.70459416039328,0.350648055592075,16.603925985058,0.362486195010043,0.486380456291658,0.429451860763667
"5139",6.03073152189174,1686.737075999,0.226986738077594,16.0557099125434,0.263730971199433,0.248179780882369,0.187877744131728,0.26810757886122,0.324290692697164,0.280873768063658,5.7065430402769,0.437182907344429,14.2447838171115,0.371187034965705,0.444240235130587,0.393659839189721
"5140",4.23985844773784,1371.41542996384,0.152332981960778,11.2303904534943,0.195431791435476,0.218707538889933,0.164892893079455,0.233727004126845,0.277779786891531,0.171758312061506,4.74311528004169,0.269554295173622,12.3768358471368,0.351765057291974,0.489922665655327,0.371235857757423
"5145",5.04606174853973,1342.29890412103,0.193311547379794,12.5263466215438,0.225156095535313,0.246395558082288,0.172428901902889,0.246432479240717,0.287300188531664,0.261932062445329,6.33716435933494,0.36713240107966,16.3541998308363,0.369838103713488,0.521965610794819,0.386168088555968
"6004",5.85836204078731,1948.76359722677,0.267829025402629,12.2471449846043,0.205855753083728,0.204380329691769,0.179216223984846,0.255489477425047,0.321841322475346,0.235000646028731,4.47953230578862,0.587129326457402,15.0965426312496,0.390914757141121,0.393968038535579,0.384263264416468
"6005",4.67402151835257,1292.45040113704,0.183784511707602,9.43307494239195,0.187548578127205,0.214743318126171,0.190631053626965,0.219724865518804,0.264806498245613,0.215050291916928,5.50885872243974,0.348874672566591,10.9052108415755,0.357434744750102,0.372569372939646,0.427849246183558
"6011",4.13661395725918,1460.11936336143,0.197335933658843,22.4033114605787,0.251583137235569,0.300337853032392,0.164934117115815,0.264629786428678,0.289588384895467,0.256119973212999,4.34925808451199,0.299990185869472,10.5419661580565,0.363248284809413,0.421076170329753,0.418228186337469
"6022",6.88527713498642,1268.17139239655,0.165810653433913,10.7182915373764,0.179609539101637,0.28580835687116,0.157220997195774,0.264359253067394,0.303279691927941,0.196360252580831,4.51591190532128,0.345806620921193,10.2836208857674,0.371120132148848,0.334845209006617,0.428148176229872
"6025",5.69500386561955,1334.78259474117,0.175175223247805,10.6940372803431,0.199016451794129,0.300279382413823,0.159076413188151,0.253402906738951,0.298598655398579,0.256123708409421,5.97587964043607,0.374491487615732,10.4537677487145,0.367336674579335,0.400782796827516,0.394516227145823
"6027",7.15414215017013,2094.79139565557,0.192952439166859,13.0591948307331,0.196459692351985,0.231806153846002,0.209481843913736,0.247901567525719,0.294230792593612,0.27114415414749,6.10466879478726,0.307566237258529,9.46706256382905,0.37907832973319,0.381478049996009,0.412574233898897
"6028",7.04068681850938,2004.33406058622,0.240289335087193,11.9843490613565,0.149912495486956,0.228200612003336,0.195230251924288,0.274562674300902,0.33136708049826,0.363154179806012,6.27532331045594,0.380878354760647,12.6434981281948,0.389216996324913,0.327778397731205,0.454357923932667
"6029",8.18727930677492,1760.98916645249,0.250560819746802,12.0454442729387,0.247414965626191,0.205792142678896,0.197089903278912,0.276715996819282,0.314582082622294,0.263310090732015,5.77098265127833,0.563272916143867,12.9922606434798,0.384377670526235,0.432924627386803,0.532829269455566
"6033",7.32034106263083,2134.54826558632,0.183623971010952,10.3091216893075,0.324866940137737,0.218144336875025,0.204031533140531,0.273192163206489,0.304553407309636,0.279861073621658,5.36699850571748,0.329902264980725,11.8526380776317,0.37633871384895,0.399679272549927,0.430701400975923
"6041",5.57626558269598,1526.72400639272,0.18466975709776,11.9900140621235,0.182100370044676,0.213181706018316,0.171405860984233,0.277119083212001,0.317674311966761,0.264694198512792,4.31180213673683,0.355747290586298,12.2368685442773,0.387707968932994,0.451808140836806,0.355185120647221
"6043",4.25475209158448,1416.16197627028,0.166023853229794,10.6297151995427,0.226160245578908,0.241866623703072,0.201241547187957,0.256099740935632,0.301759806447685,0.239618823569847,6.41543308410059,0.309204352115884,10.1744036003269,0.36265861416802,0.269921764850942,0.360729430026888
"6050",5.35899512856398,1488.36679936476,0.197358530425554,12.2830716507435,0.184982105877171,0.23592871635661,0.191237781791894,0.264074315225544,0.307484598393809,0.247319479540684,4.42403458812918,0.331086001449007,13.12760892691,0.373712710319008,0.348755065313774,0.47785877983746
"6055",4.45281221555305,1363.69705628622,0.172033748046436,9.02946908260476,0.218269931507555,0.239508102906677,0.192133744882907,0.274605074096788,0.267698755316981,0.258798993207566,7.01690095858469,0.284458823028507,13.0261212611787,0.342044612540055,0.48854843436184,0.421034360599716
"6062",6.66086340874773,1540.62231535763,0.183992587274028,12.2029952497072,0.168815713093388,0.230766173687793,0.165173672115243,0.250485975288231,0.289386743057618,0.19717543658904,6.11389848873473,0.338688008175414,13.5472074277532,0.375420920972273,0.449275292161103,0.349815387039275
"6067",8.41302735469969,1964.70250646403,0.214260637319932,13.0136147321462,0.227258226511644,0.224933536113316,0.167668239249323,0.255301443066084,0.296556484646311,0.219740493849178,6.37612876948242,0.46339665083082,11.0905538064486,0.375486501566783,0.392234918293371,0.466830624296987
"6068",7.05597842953706,1946.52916137451,0.207723078173977,12.9806048365642,0.165229330343772,0.258136773975058,0.19972958940285,0.25903810889794,0.301315312495146,0.227557675786141,6.14264174018926,0.341815894648268,13.5371939141505,0.372299781517855,0.365670253546633,0.400683030962549
"6069",6.86424187343813,1667.44009458657,0.19154581786494,12.1611144121233,0.292720916977539,0.357160749881548,0.211904770072565,0.305689853972132,0.322758337079238,0.557650250732451,5.90434964929489,0.354362642256396,16.8640608321409,0.403826424626676,0.339094948536129,0.411044626366121
"6079",9.10717337482474,1526.60271479478,0.184908032172569,11.5236902588157,0.174160618298432,0.226351211623717,0.2000208182355,0.272320048717334,0.316351838682036,0.272959247018894,5.68659094108144,0.288547396663163,14.8747027179784,0.380555564142829,0.492562842063612,0.399519926118763
"6084",6.58350753344156,1574.823962428,0.218536452982071,11.8582539027494,0.177492277482356,0.197328098298337,0.17229257438797,0.256834174664698,0.337706248492083,0.240102154941551,4.36252707871811,0.457262492112923,13.0378685036729,0.416163284267807,0.398748147695899,0.379555842735576
"6086",6.17060910822809,1719.1646161974,0.192267168404442,12.3257744720985,0.175081571103254,0.248121959423197,0.178470048546672,0.261982814794464,0.301706741849248,0.221060568385527,4.63336952653019,0.430202572061973,13.6513319333882,0.392139359690944,0.404221922634366,0.392655922595554
"6087",6.42691503949621,2044.83183750102,0.25466600450878,12.8008089083923,0.272785751069142,0.307768272591376,0.265815565836368,0.278553801448104,0.318609967459449,0.293785611907963,5.69952780383908,0.473813206747359,14.0145216985306,0.387466720718093,0.423694634926784,0.410185998196548
"6090",6.4698289876846,1629.96987412974,0.20864970769536,11.1852458615164,0.230244549326014,0.265037048164749,0.195337283292162,0.262756714276552,0.277793884548025,0.28877122920425,5.78891884605893,0.354084875484942,9.95286568175267,0.351797882849776,0.684847770715864,0.418627123771151
"6092",6.30757286187501,1834.95742913999,0.203662363962793,11.5364347099095,0.179622800901957,0.228052860618195,0.219400160413488,0.282940544509405,0.330880169835152,0.248530277753988,5.05676164178488,0.342112833049674,14.2681812560135,0.41635124971494,0.613518583169963,0.399856393828223
"6093",5.08563761477245,1572.65754353218,0.156914813391428,12.6166367137841,0.219085784721668,0.237556754840914,0.173737627601228,0.259289538027274,0.301497682499551,0.214598809363873,5.95758750874708,0.268847333137283,10.3178583634366,0.365706513338306,0.336619125351361,0.385057951396995
"6096",6.1995574475478,1603.64311581732,0.181944156838739,13.6229577013258,0.255473337015692,0.2528842446818,0.188375602333993,0.299515792031292,0.33277687340836,0.315399916516953,4.93214981799134,0.390488578790035,14.5869367268875,0.378971830002759,0.495883731529729,0.360612720659004
"6125",5.50034708773524,1881.20203772686,0.214958996699861,14.0133600146486,0.248834943624349,0.274223468179483,0.214828166530904,0.289858504204059,0.315087856636787,0.29159489238353,5.58933648772907,0.469350161530372,12.155130805021,0.363412969774589,0.395028102898197,0.523319312743166
"6126",8.46952636291609,1822.6308369291,0.19218157510328,12.6050922745061,0.193166292006319,0.196482082947587,0.171053450753937,0.289950564803332,0.364563243101959,0.287366205506693,5.39285975846833,0.359522518042174,14.292113670177,0.385281331278358,0.433475151767425,0.382196656029154
"6129",5.6191302759337,1608.96440428701,0.189000559108565,14.1308591198364,0.240765126801896,0.223701155852946,0.190726652038443,0.252722730570545,0.298258664149084,0.273989834362432,4.26721205236519,0.491408155958411,12.3031805056806,0.389733043436966,0.461385636173035,0.428405190404922
"6130",4.8180524940161,1462.72290243779,0.179449832805968,9.09091631099318,0.219545966069879,0.261580394817087,0.198858478207091,0.282064127622548,0.284468867283957,0.275121162975734,5.01042817686796,0.259570704626647,12.5391968012325,0.323107943475789,0.560120593035596,0.384911099386065
"6131",4.51145739501259,1528.53953666109,0.197139832634414,11.510523626012,0.181657209385302,0.218477465171465,0.172957776928385,0.255093127397994,0.295126042866792,0.269168117403551,4.88740078413938,0.391707330270748,11.1915846769103,0.370103107468156,0.431420369492954,0.379837476634993
"6134",5.30370146200724,1441.36056520237,0.199448320144357,11.5815557304576,0.224240024288237,0.203958111306833,0.149434183427745,0.230623081264013,0.291953570801488,0.185617680114365,4.68865374847435,0.361719028010252,11.4331744174111,0.368765527268234,0.353297562970281,0.419042153751674
"7010",5.21495685231466,1443.78781392953,0.197795896588801,14.4537173360615,0.229842134453112,0.275479177509159,0.187052615139961,0.253771766568673,0.296440133383912,0.247173521615828,5.16886317536047,0.383311098343517,15.7020362281032,0.367598605400306,0.317337065917138,0.532166609451678
"7018",5.17690865014562,1474.1729946282,0.177541766793939,8.70380015270781,0.242919990990228,0.252783731816658,0.186905471329054,0.264313193099213,0.286720408052283,0.271716689960022,5.29491617142103,0.302332931862265,12.1858022324252,0.351111114925161,0.382791130438097,0.389453207459158
"7019",7.04142157916811,1409.90308325959,0.177257846510975,11.2121108783138,0.18660551387249,0.207444238503965,0.17602056430963,0.281545798409357,0.301017275669532,0.312480964028533,7.80601557415093,0.347401764642928,10.5328441732198,0.390302426916507,0.306729626604893,0.354523920181
"7022",6.19233727112614,1664.84455969248,0.21164532814424,12.556523961557,0.197332675262982,0.221253738432072,0.196194151479717,0.253369705487656,0.334417194637781,0.266420215962019,4.44079325032093,0.382876243882942,13.7543374359738,0.40309078403057,0.422584409001859,0.418644929329765
"7023",4.00099055082774,1422.16414920269,0.147329364162167,10.6013966017084,0.273811441930369,0.259677616879313,0.177632743393003,0.25698701825633,0.274633929351669,0.26394798590733,3.95500136373226,0.257307998521454,10.3063541780987,0.347234162830224,0.415847052713621,0.334770645425549
"7024",5.66198291144983,1299.4210810784,0.17827814239742,9.67985929017233,0.194652430488902,0.254051695918568,0.172052021146995,0.246108268170013,0.299682678969738,0.207000050345614,5.69641399850138,0.383903031575612,11.8236071821469,0.409125075646789,0.661379214500344,0.455355862560815
"7025",6.98933288324201,1429.92411019077,0.162388550330053,11.4270893691503,0.169646472857764,0.218603499784193,0.154919983201594,0.229740433338395,0.286273613257025,0.259264341019025,4.61889248271193,0.357765703453985,12.5724308020533,0.34781575657606,0.503159484892999,0.325037186575508
"7027",8.64901222159576,1522.07498687538,0.164750510239098,11.7943713497698,0.16589837722434,0.24533923864934,0.182543209535622,0.26246325982984,0.27885925432121,0.262078264328976,4.11156161189628,0.262982268036584,10.3971719954961,0.340545095539093,0.439881053049389,0.385329494043748
"7029",7.46015891267485,1775.67783160538,0.237366939005306,12.8121959068699,0.207319071011644,0.226651163181988,0.159412022077411,0.265164439095495,0.28527848666749,0.43832416680385,5.60447909303975,0.406990711930047,14.6242674728776,0.395624381571236,0.532708112215939,0.455531648914097
"7030",6.11095405031463,1293.52033751636,0.145719340784577,13.5901662196308,0.17231602656595,0.195310927655685,0.193806812061301,0.266293637768135,0.293907743042846,0.299694032757667,4.30404177879485,0.245068917856539,10.1598414032581,0.35495241450881,0.386368636425698,0.370029342560707
"7033",6.98490882403761,1127.1368478889,0.146795276464068,10.3532285816971,0.313896455857935,0.31523077176299,0.187765655774541,0.253316840655987,0.290486669154814,0.249026834317074,4.66753881317221,0.294833531052232,8.87174266539845,0.35583308009591,0.532921576903902,0.358207775511891
"7039",7.13548799506546,1814.43148018742,0.24811668897414,12.5854364916886,0.22000713135304,0.230950520529686,0.188381683697878,0.275689362673775,0.323847832246211,0.280472833692704,5.23091681945368,0.399562048376481,11.6253176279335,0.390711212872954,0.595886378204611,0.400152106464004
"7043",3.96229588023591,1773.29403896665,0.18430605690476,10.8092876318787,0.264477353603521,0.231165721579603,0.21387499899386,0.312106063895226,0.364404293560052,0.303889311221472,5.83267781310836,0.321179033283086,13.0578900227633,0.414787646742893,0.494501103044569,0.407311490738666
"7045",7.67736369962077,1637.93393642526,0.270174714270723,12.1657753226352,0.201764824405109,0.225449412962306,0.20986086936001,0.284847729316592,0.335788120326539,0.282590781022792,4.6341669921119,0.483464435106572,12.0362308686895,0.401337972161428,0.522115419003045,0.375114147533818
"7048",7.57583498884119,1560.31069436,0.169880112574551,11.2927034447753,0.238826396060218,0.251226727697158,0.177358463160277,0.257194699359311,0.28381302797392,0.249814814624596,5.88052217659321,0.35362524767541,10.9097262404999,0.38179378227421,0.372398505895774,0.399519940370977
"7051",7.17234480921531,1716.65250751923,0.242172156267694,12.5507994518857,0.189642667933538,0.184856199665077,0.174066117914946,0.258899562589126,0.314716598448101,0.299940086443101,7.11408320413118,0.427123467567142,13.2837848463041,0.382564083280668,0.610593070872043,0.42146930262755
"7060",5.67784110016431,1721.52928625427,0.196701779746733,10.6397636511857,0.184883378925339,0.236933560442657,0.190280403734038,0.276041567941288,0.331189340085498,0.281257924252564,4.66888945958465,0.363618071865114,12.6560698757166,0.406283873710547,0.477101296764459,0.381819802835733
"7064",7.93791082033944,1480.54112613346,0.20913024834358,11.7756305933985,0.264648788714283,0.24835306865495,0.204453741923382,0.274432041007435,0.33370285364836,0.234709871695815,5.64050104105526,0.358079638192811,14.3849534277838,0.376498964862784,0.54522797546044,0.348785726031966
"7065",5.51720400212019,1666.54232973107,0.174738634855722,11.5276547942873,0.190719178420679,0.203892913062866,0.179895792291534,0.262716037037787,0.289306110280036,0.233625801204304,3.97359433958148,0.341806212494659,10.7618083581882,0.365102445265457,0.342958357274363,0.359599362351614
"7068",6.9936562910936,1715.45049675406,0.186761613895061,11.4535386525696,0.219585106037143,0.253205715599937,0.191328716848364,0.235639966628235,0.319299372727952,0.256327824795238,5.18157897796909,0.364289479405895,11.8537651840532,0.364647657159425,0.506799048870204,0.334348022331307
"7078",6.5756264652351,1520.60894281924,0.188322912983128,11.762699660503,0.258631882397628,0.205093587112502,0.156575515886671,0.246770837566133,0.283873478702915,0.222171126530379,5.65037811374979,0.313331951021671,12.2243077060526,0.371397260035177,0.464948969176861,0.366046493991348
"7109",8.67397068666199,1682.39187478854,0.222581179294978,11.6062055745107,0.219054549139764,0.232621893489251,0.176167256339009,0.283593568552496,0.321877964027234,0.299810126698553,9.21167022630557,0.388773184485499,11.0275060407087,0.38547031381703,0.53498401874245,0.332167179106121
"7110",6.20300690325557,1172.28202195679,0.186989586156514,10.8706455781904,0.159936934337978,0.262317743513594,0.195763071136598,0.257475180312479,0.288523453174268,0.258799050166993,5.03360136405601,0.389122505420602,11.8656572866117,0.382509951656134,0.351157037912506,0.364804548948372
"7114",4.4392687095685,1638.8987910465,0.158187203522678,13.043204355602,0.204939254856504,0.2351260807898,0.167543994066186,0.271912770990598,0.300531647748273,0.263902605923394,4.19064789310538,0.284597480966449,11.7572882625969,0.365279672979282,0.457241270884253,0.349704406795223
"7115",6.73068113572477,1811.61750605244,0.202159801125077,12.2789992019206,0.183854881969615,0.237905308591081,0.177870620697219,0.231420009626384,0.293909000754442,0.193215679968755,3.91996374425861,0.381211933586436,11.2526091806278,0.388016782824843,0.365991604556388,0.355260696091735
"7116",6.40306402539632,1515.92824174182,0.183438961771013,11.0299517209794,0.22443259423274,0.227057205870085,0.18422269562691,0.25593896927607,0.302625977730975,0.277686130138463,5.0865794685504,0.358324170539405,12.8945328500161,0.35567814729969,0.470180824357568,0.404265061817943
"7119",6.09906631888347,1680.97044779146,0.175052984439565,10.5687134907691,0.255207512388272,0.258632090733947,0.183717013666693,0.270122096088382,0.329625760456039,0.25822958343273,4.8278280893354,0.327656742905303,12.4578064080314,0.38101028252334,0.361547789300366,0.434671058947175
"7128",6.03868172247914,1378.74492559422,0.180607037697444,13.1435873471638,0.203437575087791,0.21450695895064,0.175314897530841,0.283674540557079,0.310640812403572,0.29819002178507,5.33664122476345,0.29834428787985,10.8698089343566,0.361895695544619,0.490863516270883,0.480754917769222
"7136",6.52831707959076,1272.05641811098,0.151762557866004,14.1818486147584,0.183369348982858,0.2185123106615,0.192688371270625,0.263860225323884,0.278734101789427,0.281787601552971,4.45460362179104,0.341958161266678,10.4379082075224,0.360248199504835,0.387037268357516,0.346947482394583
"7138",6.20291765864866,1425.03235434465,0.150038436388045,13.342608980695,0.193503171325896,0.235886384952844,0.185230858042989,0.247433477915316,0.282664319663,0.247609259252953,4.97919314896822,0.244904581859387,12.186786494546,0.35257605609656,0.352493251422613,0.391639605162555
"7139",4.68629276769435,1525.65818717353,0.16990390154258,11.5929062454659,0.214385806053722,0.273318762490825,0.167461657557311,0.254168530502374,0.273153196252834,0.211496553378798,5.15140567447795,0.343815183567929,12.0623928454811,0.357953001649379,0.545677742025265,0.393260683555428
"7143",5.42883081027701,1588.81649352169,0.191390724427921,9.91204101512448,0.246316806611515,0.240172269844024,0.183368434356937,0.257558633094997,0.323319397703148,0.241576932384232,6.48095709680632,0.444406286784144,12.1628419279563,0.394922416695547,0.368888082684962,0.424393502075471
"7146",3.90273311821545,1452.67516087726,0.185095112457701,10.0542143342501,0.264787456186035,0.267056212991443,0.224743578250684,0.290957768810412,0.323064837694809,0.297520346015664,5.04179816277079,0.373115734521761,11.3504506690935,0.3810258945196,0.446339355630216,0.340663140087861
"7150",5.73527202150664,1409.74920389291,0.174972026772755,10.2768733330221,0.166473364132571,0.209121670253447,0.16821327655528,0.257079507115175,0.296496606557586,0.218336168278978,5.46046777033867,0.31799641486086,12.48373873517,0.360697105583651,0.339280794674711,0.377966020133908
"7153",7.29312543860244,2292.04926671164,0.231125151689065,13.3290493551096,0.280831415809656,0.303496384844341,0.216409564378711,0.263571640531788,0.315177278534501,0.276877577549665,5.94339079134261,0.411261037458483,15.9330874206318,0.379126495972901,0.357370898494006,0.340803492535043
"7159",5.02241733083433,1588.83198030438,0.156018150195799,10.1964954109479,0.204754184296876,0.270703718703056,0.166755263778821,0.254073534358757,0.298479839192882,0.232401930542168,5.08577547964399,0.286054137775595,13.5394254685084,0.351095191807755,0.414037581966926,0.420250901067049
"7163",6.76267380793977,1419.04142441975,0.172870881803428,12.329479589895,0.194702827481177,0.274215282476683,0.166945456383626,0.261132921777756,0.282876927796789,0.282413437931581,4.31930645349097,0.327161903690107,11.0331526961148,0.362489798772645,0.327658657669769,0.447133852107809
"7169",4.67311857704531,1812.85180740639,0.181330281415245,16.488997507791,0.38599088791232,0.431146822917728,0.202326966024348,0.269737303001715,0.289033478533731,0.278209528999946,5.53548385094821,0.309545404976113,11.788793855462,0.366693869830852,0.334646620558079,0.372402937206106
"8015",4.714680562984,1541.29125089033,0.198116328934804,10.3398730658566,0.24055552198913,0.27634731047299,0.162250775366637,0.231143640647023,0.307838259642862,0.178030434252172,6.50336699076736,0.357037940299696,12.6893273785737,0.351428041076212,0.444746736263781,0.576389951784885
"8083",5.90095071741267,1696.76150306079,0.19145292656582,11.1885177096979,0.177995895177922,0.257005890888162,0.18553242515778,0.280549556186661,0.307700871737082,0.276817824357459,4.84000502122701,0.34381700988008,12.3846237839294,0.36894981974238,0.530833495065963,0.376626270170396
"8145",5.65531193540317,1535.88812662228,0.203985115555036,11.4449998359411,0.181498791266341,0.257557069219054,0.193805991648929,0.276411927626645,0.322228664241465,0.288494800963513,6.03441710630936,0.366751975683476,12.0332167345088,0.377035639121371,0.347396839757347,0.35833334073198
"8146",5.79190287904367,1651.01083713597,0.167812925584379,12.4355880816844,0.218931526474496,0.250762421971885,0.186680025933006,0.252344758934193,0.30274419858372,0.234229325007866,6.09925362534027,0.284506968528451,11.5580311279824,0.36820641763251,0.471348378417883,0.328931149249131
"8154",5.32253773971763,1694.40190595686,0.165650187357017,10.2983637988767,0.161593515706213,0.185229999335429,0.183287248821922,0.272180322100858,0.322287188105855,0.317052022699545,5.02970778350945,0.27766188356232,10.1468480964079,0.376928904691857,0.374820352441263,0.300638180525357
"9010",8.51558260381362,1916.59259333408,0.195166984392094,14.1498975288625,0.257055986852205,0.268619485984658,0.161539772827365,0.272393388258225,0.29872824952214,0.32175456706519,5.21846502154297,0.300368084894915,9.87450661419282,0.347832174625259,0.453555829325403,0.410204646516443
"9012",5.99112291344247,1692.27372028601,0.17625596150621,11.3735480198029,0.211919462104962,0.240247771619815,0.172353698195733,0.264342467701195,0.289692380689789,0.298336177274293,5.70350353196562,0.31375947942902,12.5124649522057,0.350844677270565,0.444408983123018,0.30772270987831
