"cow","int_feed_intake","int_feed_duration","int_feed_visits","int_water_intake","int_water_duration","int_water_visits","int_total_meals","int_median_meal_duration","int_median_visit_per_meal","int_median_intake_per_meal","int_median_feeding_pct_per_meal","int_number_of_non_nutritive_visits","int_median_pct_feed_remaining","int_median_non_nutritive_per_meal","int_total_actor","int_total_reactor","slp_feed_intake","slp_feed_duration","slp_feed_visits","slp_water_intake","slp_water_duration","slp_water_visits","slp_total_meals","slp_median_meal_duration","slp_median_visit_per_meal","slp_median_intake_per_meal","slp_median_feeding_pct_per_meal","slp_number_of_non_nutritive_visits","slp_median_pct_feed_remaining","slp_median_non_nutritive_per_meal","slp_total_actor","slp_total_reactor"
"2007",69.2145516960405,20579.8930632255,76.8364041641714,59.9741659669333,480.485592813972,9.63996366972739,6.92655772065102,3318.61521289318,9.80363032251305,8.08608135266127,83.5912089723476,27.034801936308,30.0361140265432,2.91916449525704,25.8814644571459,46.2335765764417,7.74251048122194,1812.2747529336,0.190546239435174,13.3273145156965,0.199125992276409,0.209607264009503,0.210668722396205,0.265643777245807,0.293883735042682,0.236570668818138,6.21434064154667,0.382634213821726,12.5352649997278,0.35635137421323,0.389067882054193,0.348919131826494
"2051",59.9938782086372,21279.1694760288,71.0239196395949,46.4129798979614,1098.72867416919,11.5381383455377,6.214141567419,3871.5312765143,9.55495323437521,7.75722717232563,89.8654520029482,27.8757983558538,32.4841816384197,3.5143162429258,21.5638450477668,36.3587727266823,6.30649435930544,1389.28874334691,0.200771561217607,13.6033312880283,0.203317075155001,0.266845869735118,0.195785687273293,0.248234351649719,0.293667728122843,0.238184603208303,4.84663506974155,0.386443157547437,13.919541025737,0.378458978317785,0.374652439471364,0.436447827378224
"2063",58.2363622172497,20595.6160673322,117.918383714094,40.0428324947831,928.740882762127,8.53445479535114,5.6981055390813,4764.36684005586,16.0314536246433,7.78306290255428,73.5696187221942,65.8926631025892,40.2780521416352,8.34399681641135,28.522970909965,31.8907304856874,5.69212223883719,1643.75134724971,0.212992008516713,11.0736946581293,0.211300388710398,0.254398947215434,0.212789640469852,0.300483307287679,0.318755722678074,0.322656473503682,7.60566163937178,0.393235325814896,12.6863663591445,0.368185247334226,0.382236121312218,0.420496273520218
"3067",70.2891973944144,20766.1434647445,58.0887758489415,64.4233556551402,322.851107429065,5.57986781146032,5.95504985563363,3729.2894195433,8.00650833079187,9.61180728390813,92.0091591931166,14.3422023692105,30.0853191650291,1.74327729377485,11.4991859726217,34.499307135634,6.76367427384436,1592.58105752885,0.214798436360639,19.6292884951111,0.249959570193332,0.246398308597282,0.202188526543909,0.260440437978779,0.298081536862154,0.220911371164171,5.50986820805582,0.429918819704183,16.6097146779937,0.396042086665653,0.505918910464949,0.373959310144477
"3117",68.7299148315899,21036.2150931945,94.7557927093771,58.0516737745329,413.90349804846,6.78471877951064,4.5297726096788,5114.54074542775,16.8221643725381,11.538065167152,85.6934325142589,42.6747711172347,45.6010329031844,7.22298921186051,16.8292567327628,46.9337985781423,5.94450766106472,2065.41913746113,0.158779263278987,14.8158063396997,0.192095293235219,0.232259064565037,0.214913223483118,0.33528849858294,0.335313284504613,0.375565278509775,5.08791589620915,0.27372931421095,11.5009362750715,0.382722119141433,0.397065183112986,0.356118770053271
"3131",62.9196129120211,19841.3010250827,99.5345440608081,55.6723534932594,806.671332385262,10.3970510987117,5.50736487365965,4436.84082504663,14.6973306481124,8.78463242838019,76.6870037894457,42.9514849619824,37.276955439102,6.04553321921672,10.5444132732045,49.5488728570822,5.76343642926596,1381.1708475188,0.187916348759407,11.6236189343743,0.198322549098501,0.226215413883573,0.186813295727117,0.271159398840563,0.292416222551577,0.313768629326561,4.13535915092935,0.335888961862798,12.0890565772312,0.364818308079168,0.554128375793301,0.399122027281827
"3150",64.9225795609723,23970.6916602563,68.6299414849941,72.634317827674,709.577570436487,11.1717976826549,8.42764435616971,3231.51135805065,5.98532407592937,5.85665196626622,92.4992954004864,25.3331955582353,39.8604445059625,2.25548874942635,23.276545772883,44.9111766087067,5.2853731210452,1525.87360442431,0.176385962595173,11.9970204673014,0.20845549053491,0.224643463110929,0.164556649894532,0.216142984166388,0.305250253227429,0.191971246007738,4.97475389011618,0.389711798919022,9.88288679793346,0.363667303870795,0.498068430807096,0.374429535652883
"4001",64.8800682914795,19419.9451050015,156.895421833412,52.1255365804911,595.05057879897,9.2551504275804,6.39472997119057,3691.21571873107,19.1432737826156,7.54814088932001,72.2486314186372,107.113260197175,30.5369863875103,12.0516484108251,31.2558887110282,33.9515602154426,6.59929295937194,1603.11234212295,0.224383890461478,13.1953141977272,0.196855213357176,0.285982089710059,0.189942124578445,0.293172373155595,0.334430465884852,0.339030439998706,6.55857897829417,0.361460131494359,11.7107537872164,0.397171438687668,0.370510969277271,0.454011709046782
"4008",64.0413426449925,20137.897820175,128.893274704371,56.3106628372619,709.696048680954,8.99064562561046,5.93327395494353,4322.0660928315,17.1164622464537,8.18218167433816,73.274333294898,72.110364207417,33.0961745208201,9.20580095461239,15.4911998000047,46.644641933828,7.88834354560799,1524.32527490922,0.164368308988892,11.6635334853556,0.193520305411932,0.230445677906694,0.211732393471762,0.311580312063441,0.311126704444506,0.304262311163554,4.84289952050556,0.318632371804119,10.5989663263597,0.398108287147339,0.481897277473096,0.364783585139202
"4026",62.3587779785707,22834.2859589112,78.9678805017964,60.7049509154918,702.063677285501,6.35885017559388,7.52841484096809,3469.21813618085,8.30265748105282,5.88598660495508,83.1385153320469,36.1250171974212,33.3035591255788,3.43489458287168,23.0946332854788,28.898220193927,5.93557665782217,1982.2168458354,0.221003693804205,11.9313015005346,0.241908383563427,0.259227987907007,0.199617859886947,0.281827145836756,0.294640329841797,0.394578295854269,12.054014129985,0.431217045415876,11.7914066062908,0.371593276289066,0.39262967839703,0.409559994671151
"4044",62.5428522409427,18857.7970566925,95.632623316468,57.3363274544167,395.034381886598,7.71253877768522,5.51533283946051,4421.51665843478,15.2611909742661,9.39168424899912,74.7518003099543,46.2463114091112,43.1949803617368,6.64479152456922,16.0857188947531,29.8895788977591,6.41573856090518,1296.38895693177,0.171908343811866,13.8701992064284,0.233161416735834,0.243543443419056,0.200672646276714,0.258573094835256,0.286093375992621,0.260137274887238,5.04961725434446,0.327463835200821,11.5066087291317,0.35383033189677,0.40772207202118,0.401674969762199
"4057",62.0499743807933,23819.2657939138,75.1718455034255,84.622901573527,754.865727730574,12.7095883003321,6.20101578560603,4561.21507856855,10.0811649768372,7.78518371426486,90.1561692385433,32.958054732874,34.1007660882548,4.0871420380837,12.5628137495179,39.9253608469368,4.60438417634318,1286.36012974286,0.183767190214181,10.990798130529,0.170015308194591,0.207407487423583,0.212374087240522,0.265058957305036,0.322599736701317,0.266943228744808,3.77050536829226,0.358306895131569,10.4163463854687,0.384191175041511,0.371305124464749,0.394845752292669
"4072",64.373966890421,19272.0107665551,105.926648801719,49.8607313620063,711.648537574946,11.875925480905,6.88913196774342,3366.22165297113,12.7846012362352,7.57663749365577,79.7655555367024,52.6527080976718,36.3855753372358,5.87338669023957,31.4354316171751,53.1654381728853,5.15129432693886,1777.22466587076,0.202135553750346,10.4117838068837,0.197830774219404,0.254010957259666,0.192285367978922,0.30094381068818,0.305267988147832,0.285080234228561,6.70405171872988,0.376266838060322,11.8148057877025,0.380867222820623,0.454887321847106,0.463538063472749
"4080",64.2831967595937,19800.7267715655,104.744573494026,53.6624750881617,755.163876673165,12.7748384088538,8.68849492572881,2630.86921391981,9.41115940015156,5.64945840258623,79.8128739626664,57.2001021089175,34.7826554006129,4.80177943626253,27.3393543080213,48.8636968357173,6.18456716082015,1420.19678640763,0.171744881604915,10.1799698227312,0.214036616397506,0.245041809982517,0.177059000792745,0.260675154356179,0.293730180471803,0.255711040101291,7.97868728096997,0.306749359636527,10.1436684588149,0.356454502573721,0.305400303346931,0.356810960999728
"5005",59.3038055900449,21603.769022498,38.7669043559102,21.3069296301782,795.775158862653,7.70989682478444,5.28961352252904,3520.8882089719,5.04308014887203,6.91891056037768,96.092519165603,11.3499400473027,42.2079590366083,1.62486564128369,10.1708487439664,6.38634073306582,8.43002814618057,1611.8030949552,0.269063715520173,11.1102829547719,0.252578237932796,0.321708169349703,0.224048536130645,0.285660170071893,0.342764815815067,0.280115769120136,6.9183666205882,0.527424503212236,15.9684145645381,0.391539165802678,0.445973955178765,0.48990783230739
"5041",65.8101414249908,24661.5303763066,139.167166176492,58.0653951634212,1201.47830033518,9.90923064821923,7.29054863154758,4532.51530650942,15.4588242851506,7.1645020762964,81.2381562506638,79.3569055131378,26.3476120695954,7.99440155884234,38.3304123926823,35.7511723958589,6.04510170725783,2010.67088749922,0.261828536553696,11.0911192792739,0.192367300663757,0.288568451151441,0.184405327842346,0.272204673546828,0.312280845429982,0.260136116670609,5.06911317211701,0.447294434540673,12.2237927941961,0.39038814811491,0.364860630877287,0.488939861712925
"5042",72.4987572808866,18627.7940809097,205.625204217444,61.5713446132814,824.955881429966,11.874511051861,5.6347473002701,5520.29596948632,30.5357123126939,10.4325623587666,57.2075543561041,161.710309642783,41.0878551108473,22.3178127272735,48.7270564422211,62.6723387860473,5.99472080120377,1104.42314597879,0.187953370665993,11.984662405003,0.275857126767171,0.341388999763629,0.184658741501072,0.269194018551283,0.318375006300584,0.289486104756435,5.99332123694776,0.322342436979566,8.83008512595851,0.3716823614206,0.291553530786547,0.354656155654292
"5061",64.7181365847997,20683.3914655339,91.8038055796991,70.2071936232008,651.197015455826,9.91260957930731,4.93308593918426,5252.22048790007,16.6404644292081,10.3554596986287,83.2176602632626,37.3182044982161,43.4326307681858,6.46287860035935,34.412373663844,40.267221425594,6.23541761932417,1620.81696331061,0.21230487916683,10.5463697835436,0.200798425714325,0.200099956704004,0.228805475128694,0.277672780098888,0.310426676145656,0.313188591670297,4.89653262740383,0.391178478010581,9.63288935632996,0.37288117936083,0.340867279160432,0.392107007502465
"5064",66.0054517706864,20891.6331230264,82.0500475777949,66.0209543926881,727.100055117207,8.48652692059791,5.59968795662429,4629.0320249355,12.8570755184578,9.33018184026836,80.9385790423819,33.4844507163267,38.0646906297428,4.80377169488483,19.4612700556638,26.7120118491459,7.64172454276308,1566.17128868778,0.153876379265168,13.4074778270588,0.201572295593109,0.235585830519483,0.182664225989676,0.275353221877841,0.293783971933348,0.264883935470117,5.56791002093207,0.292380700754607,12.1298823678622,0.383531552709693,0.362457725460324,0.401827675479004
"5096",55.6607300653357,18239.1505638402,84.6841898417753,38.3331476280447,590.141793345398,6.41577315423404,8.53830178065058,2598.1861835473,8.07945197080521,4.93083915848595,77.311731592273,40.4692266403186,37.2056319885193,3.65986510372979,26.7999551430531,20.2097607483256,4.37766809875358,1388.97070264968,0.180670863716409,9.55331322831949,0.200722534006812,0.241357391116501,0.188948981367387,0.28028434125133,0.320780671811377,0.315583738010973,5.07922396358136,0.362418993872518,11.5608638278305,0.373307971236368,0.361847238622639,0.506967480176359
"5100",61.3155207074525,21978.0665462016,126.371099255133,52.5832300922604,425.170413470522,9.50353432996237,7.80080055447519,3504.19132413558,12.243375928679,5.69409209094626,77.5661506805616,74.3094017550833,27.4567378402507,6.7874966548981,25.8493850760613,26.5631486343421,6.75159107897344,1720.56748279635,0.151113331603573,10.7414585517319,0.221639871913663,0.233361525924406,0.165565806257374,0.28970124922233,0.291153669488201,0.287643711600046,6.47625870972696,0.243109384554863,10.178249971628,0.337752328714224,0.347907203572509,0.418502462924822
"5118",63.0046860021039,23169.1715312756,75.3679063134271,65.0278191846927,1063.74627039958,7.03330578290165,4.94744256124428,5865.5682220858,12.2566703105251,9.78364121398401,82.0252982409996,25.2424165093946,38.7586098556433,3.8071377136759,13.5801903055518,33.6798171332705,5.76342361646372,1612.81347555118,0.168504155692175,11.7039379138102,0.220184214816293,0.279287324651757,0.195374666362546,0.278767464870582,0.318486371416802,0.28363892030542,4.90228013769321,0.437497780337012,12.2648573064846,0.378276212625162,0.476271401390308,0.394826409352999
"5120",69.6036578168966,21793.6896430287,89.568259409406,58.9728964214851,743.939042800272,8.99973101647869,5.7654455088363,4406.16661950059,12.4896575454433,9.54638541966173,84.9441046751473,33.5004980180871,30.6830193770156,4.24191822873492,37.8040037542673,12.5287563190689,8.11153375592561,1744.19664007256,0.205473172090798,11.1062003959905,0.196283062016285,0.261614375192428,0.211501492161225,0.280100694892359,0.327081480993238,0.280618785344136,4.70572852965514,0.389672683464608,13.2253287181679,0.402169926498393,0.314858186821,0.522087679957219
"5123",77.2179939246919,24853.9752032403,99.9226911585663,94.156523221737,539.142624317149,11.3136514784719,4.86417404614342,6077.561442332,16.3520371152577,12.6353882165479,84.0709134872196,41.7195457970377,38.6165556129055,6.27656658740892,35.6889780812388,55.7146558437236,6.25861786778715,1788.86599872875,0.189104651146891,12.6454304354138,0.20987085432343,0.229514074307228,0.239392864176708,0.318248784577736,0.366487184626048,0.343218386444903,5.31116591040101,0.344503963218743,14.1666541373649,0.424588034360195,0.446471051577969,0.395987926435298
"5124",62.0831635239154,24370.092423851,97.5253442249679,40.8504171729911,1215.27383052717,17.1725146731092,6.11480507264858,4676.02177454548,11.8873608499698,7.30387761489604,84.8462884751808,48.918346613425,33.7851834159809,5.59346395051647,35.8945671692843,37.3712225924934,6.21415003205638,1887.1686997372,0.205570246855109,10.699184701127,0.181286667339186,0.237028016244478,0.233464974483213,0.283339881499415,0.327548113938994,0.304974291632951,5.03029404449142,0.314957009818228,13.1887123285442,0.375864232946695,0.39657914052855,0.432172684458863
"5133",66.9792212959118,21019.9767239358,107.805098251078,58.6882249231332,503.328841884539,7.49702395034835,5.16711216980028,4727.46188995285,16.8446155715703,9.88597773197909,83.898951241576,53.3067740351194,34.5630929166896,7.88167854243918,44.1026969439293,63.0582335851028,5.9046139903396,1717.07218685122,0.157430868979726,12.3062486387027,0.214346687896929,0.248379534491442,0.210767196973382,0.28618425178848,0.327138018969795,0.39047918104966,4.94078854544781,0.276944194556849,12.9668194030335,0.364408142553958,0.361819230064781,0.351065146871706
"5135",74.1920037464546,20304.9662018796,100.480286778379,58.8411626331667,433.128353481934,8.58335643363739,5.43081553498369,4328.32055179318,15.0912649153699,10.4101088639404,80.1414636940545,38.6603047873723,43.0069042579893,5.57221874554759,26.9466952922013,27.2676824639696,6.46875767712569,1553.54477908116,0.197483566751082,17.2803863212942,0.210154063776966,0.229227883740846,0.183629891882786,0.268566904513937,0.299905310481211,0.255641364630652,5.13715288195489,0.355858765438572,15.3034999496479,0.374398646093453,0.392083808948879,0.442297317835525
"5137",63.9103509765075,18404.2127223923,90.1586658541138,46.9604675056804,387.274825361947,9.98135340671683,5.04828958773049,4432.26859604622,15.208840765181,10.4362129169749,76.7304767537142,35.0788574059551,34.9876174758754,5.62218762825059,21.1808366684895,41.8046511729573,4.90245220796481,1251.98129184445,0.192264986351613,10.5144855214037,0.177243617558044,0.197305737068169,0.174825658913407,0.259231602506751,0.280089059755698,0.209673987365028,4.70459416039328,0.350648055592075,16.603925985058,0.362486195010043,0.486380456291658,0.429451860763667
"5139",65.8432747645781,20506.7874811152,66.3255381074079,55.1703785325915,405.170030762364,7.79633398662003,6.42283703772466,3190.50931735939,7.67818138532744,7.47892703600699,89.4325121013572,20.8288929447666,35.9882672643591,2.26699263849057,25.7052451267621,49.7068678215987,6.03073152189174,1686.737075999,0.226986738077594,16.0557099125434,0.263730971199433,0.248179780882369,0.187877744131728,0.26810757886122,0.324290692697164,0.280873768063658,5.7065430402769,0.437182907344429,14.2447838171115,0.371187034965705,0.444240235130587,0.393659839189721
"5140",63.9030895448977,19311.9310389042,133.724367599458,41.4611694915242,600.784273200474,9.96525763522181,6.9787569054649,3736.26206678583,16.1657439623607,7.09018044189249,70.9833819236819,76.96217518226,41.0897812929927,8.98572492276394,25.5433362649538,57.5194689336746,4.23985844773784,1371.41542996384,0.152332981960778,11.2303904534943,0.195431791435476,0.218707538889933,0.164892893079455,0.233727004126845,0.277779786891531,0.171758312061506,4.74311528004169,0.269554295173622,12.3768358471368,0.351765057291974,0.489922665655327,0.371235857757423
"5145",65.7803673394002,17871.2851719481,125.263369590167,56.7831551020138,387.685290910381,8.28359451495192,7.08907525081381,3081.34416587724,14.6525166937813,7.43615965433577,72.6460271608053,65.1203480875073,32.9232072778981,7.13148977693051,17.011183059788,42.7733975607951,5.04606174853973,1342.29890412103,0.193311547379794,12.5263466215438,0.225156095535313,0.246395558082288,0.172428901902889,0.246432479240717,0.287300188531664,0.261932062445329,6.33716435933494,0.36713240107966,16.3541998308363,0.369838103713488,0.521965610794819,0.386168088555968
"6004",62.6003040228117,20962.0144089288,55.5924221980988,45.6261022341305,422.311627588282,5.95990669371421,5.24713395695087,4177.5151102849,8.11639496964063,9.15867099336536,91.7046502346782,13.7776250646317,26.6973053008715,1.9466726871974,17.5664536103748,26.2040945057534,5.85836204078731,1948.76359722677,0.267829025402629,12.2471449846043,0.205855753083728,0.204380329691769,0.179216223984846,0.255489477425047,0.321841322475346,0.235000646028731,4.47953230578862,0.587129326457402,15.0965426312496,0.390914757141121,0.393968038535579,0.384263264416468
"6005",67.8585750994746,21117.6035019582,118.178648157223,68.6874467476013,580.343069599531,7.51157516211796,6.81219175885291,4060.43501074526,14.8370019628627,8.32035590689315,79.9153906304704,57.4975879450847,44.0072475645579,6.68666553676088,29.2562549448826,33.4686820264694,4.67402151835257,1292.45040113704,0.183784511707602,9.43307494239195,0.187548578127205,0.214743318126171,0.190631053626965,0.219724865518804,0.264806498245613,0.215050291916928,5.50885872243974,0.348874672566591,10.9052108415755,0.357434744750102,0.372569372939646,0.427849246183558
"6011",67.3103026646779,22904.5404387163,186.62546684352,61.7445870008805,465.619793511663,7.00175411998397,7.27814671451414,4052.03172549776,20.2585132997227,6.73938370574896,79.2218831839459,131.331818098708,35.9683118011254,13.1972132788453,36.324818278469,35.8088704745333,4.13661395725918,1460.11936336143,0.197335933658843,22.4033114605787,0.251583137235569,0.300337853032392,0.164934117115815,0.264629786428678,0.289588384895467,0.256119973212999,4.34925808451199,0.299990185869472,10.5419661580565,0.363248284809413,0.421076170329753,0.418228186337469
"6022",77.4999847256854,23210.9262477824,100.164996450997,95.8842828672595,921.580099301719,12.3144726042116,9.14391889377319,3095.90601414558,8.34503332997938,7.00867633154328,85.4075114547721,37.9304334603225,25.6989239916163,3.02515319489193,34.3064821032035,39.3216850261666,6.88527713498642,1268.17139239655,0.165810653433913,10.7182915373764,0.179609539101637,0.28580835687116,0.157220997195774,0.264359253067394,0.303279691927941,0.196360252580831,4.51591190532128,0.345806620921193,10.2836208857674,0.371120132148848,0.334845209006617,0.428148176229872
"6025",70.8250007286079,21678.4633565972,74.2168309292953,97.2871178162478,1677.97402032477,11.7493849093812,7.38530859014561,3533.66523716238,7.88961288843925,7.62775609244469,85.5066302779272,27.4292168977287,43.3015970007002,2.95541070420526,17.6298546451014,34.5925019949115,5.69500386561955,1334.78259474117,0.175175223247805,10.6940372803431,0.199016451794129,0.300279382413823,0.159076413188151,0.253402906738951,0.298598655398579,0.256123708409421,5.97587964043607,0.374491487615732,10.4537677487145,0.367336674579335,0.400782796827516,0.394516227145823
"6027",69.1517629329551,22608.0394192135,136.838417888492,63.7534066281138,529.698150847031,11.1822273709191,6.18433531961282,4519.42769640186,17.3448285412155,8.70294274604004,79.5439232088106,76.2770202304031,29.0591987544292,8.76937174992295,32.4749725525972,43.0685630051069,7.15414215017013,2094.79139565557,0.192952439166859,13.0591948307331,0.196459692351985,0.231806153846002,0.209481843913736,0.247901567525719,0.294230792593612,0.27114415414749,6.10466879478726,0.307566237258529,9.46706256382905,0.37907832973319,0.381478049996009,0.412574233898897
"6028",70.6259107566798,22739.1639801847,114.374680690434,72.4616329871435,938.70357026535,9.07975664922495,6.34845015700596,4408.04076936155,14.6265478775425,8.45829161300832,81.0169059297855,50.5330661679756,26.1436349767444,6.11225052562261,55.3435680777676,33.0735538964762,7.04068681850938,2004.33406058622,0.240289335087193,11.9843490613565,0.149912495486956,0.228200612003336,0.195230251924288,0.274562674300902,0.33136708049826,0.363154179806012,6.27532331045594,0.380878354760647,12.6434981281948,0.389216996324913,0.327778397731205,0.454357923932667
"6029",72.6413712374057,20912.4975621837,74.2338636718515,71.3566997513991,790.56033448844,7.93295023361204,6.14730615884784,4239.81925481295,9.83409210029989,9.53309226095998,77.64650661662,21.2913199767911,39.1882373322743,2.70864388712761,22.373871305032,18.2103812678623,8.18727930677492,1760.98916645249,0.250560819746802,12.0454442729387,0.247414965626191,0.205792142678896,0.197089903278912,0.276715996819282,0.314582082622294,0.263310090732015,5.77098265127833,0.563272916143867,12.9922606434798,0.384377670526235,0.432924627386803,0.532829269455566
"6033",58.5482298509617,20142.1890120447,104.708400403335,29.6628902299619,666.342926720817,10.5863061790582,5.49787983082914,4610.22586155205,15.5344455451513,7.91212931024836,75.0887227379462,58.6297590916398,45.6498387685845,8.40456762020768,33.3147427792153,28.268608744042,7.32034106263083,2134.54826558632,0.183623971010952,10.3091216893075,0.324866940137737,0.218144336875025,0.204031533140531,0.273192163206489,0.304553407309636,0.279861073621658,5.36699850571748,0.329902264980725,11.8526380776317,0.37633871384895,0.399679272549927,0.430701400975923
"6041",66.4198480937175,23196.378431411,102.791617331482,63.5969010198729,347.919655282788,7.61224418865649,6.17928101690041,4343.83241374348,13.5739911884742,8.552687254943,88.2641721778187,49.6863210444435,28.4083821667348,6.01725280084467,22.3441378836777,33.295361834612,5.57626558269598,1526.72400639272,0.18466975709776,11.9900140621235,0.182100370044676,0.213181706018316,0.171405860984233,0.277119083212001,0.317674311966761,0.264694198512792,4.31180213673683,0.355747290586298,12.2368685442773,0.387707968932994,0.451808140836806,0.355185120647221
"6043",59.8740538860027,18975.387943264,60.5482790988469,43.2982555165503,495.382462891124,6.22555215115784,5.80954017315388,3451.30527511582,8.31079415517911,7.68162203475863,89.2187565004012,22.2436320608697,42.5039234819754,2.96543057992651,38.7940531649185,34.5816407072686,4.25475209158448,1416.16197627028,0.166023853229794,10.6297151995427,0.226160245578908,0.241866623703072,0.201241547187957,0.256099740935632,0.301759806447685,0.239618823569847,6.41543308410059,0.309204352115884,10.1744036003269,0.36265861416802,0.269921764850942,0.360729430026888
"6050",59.1925834499652,20658.4773990231,88.0043026805839,50.4530964133508,831.869464381075,8.2764978614617,5.47615781407495,4411.40153264256,12.8836333655037,8.5445088731566,81.6282476949875,36.4869252426407,30.6497885309183,4.87825256449526,37.4366475943242,29.5339864981033,5.35899512856398,1488.36679936476,0.197358530425554,12.2830716507435,0.184982105877171,0.23592871635661,0.191237781791894,0.264074315225544,0.307484598393809,0.247319479540684,4.42403458812918,0.331086001449007,13.12760892691,0.373712710319008,0.348755065313774,0.47785877983746
"6055",60.5909356564255,19959.4351558281,131.167701395139,43.8070942312981,367.973253155885,9.53149865154741,7.64083900568767,3286.76786838443,14.046635654243,6.09560695409541,77.0999178155133,76.8510767816805,28.4334555367644,7.42689405802478,17.4942597502798,35.9075896017461,4.45281221555305,1363.69705628622,0.172033748046436,9.02946908260476,0.218269931507555,0.239508102906677,0.192133744882907,0.274605074096788,0.267698755316981,0.258798993207566,7.01690095858469,0.284458823028507,13.0261212611787,0.342044612540055,0.48854843436184,0.421034360599716
"6062",71.1648287792273,22620.6657772223,91.8436407889191,78.1713298713725,864.525980219963,12.4912439052591,7.46773086318942,3637.2284216772,9.93870725377262,7.8237100886246,85.4598904112068,38.3916336456881,34.9651660099603,3.95611133939153,15.8809105197716,46.0745681289863,6.66086340874773,1540.62231535763,0.183992587274028,12.2029952497072,0.168815713093388,0.230766173687793,0.165173672115243,0.250485975288231,0.289386743057618,0.19717543658904,6.11389848873473,0.338688008175414,13.5472074277532,0.375420920972273,0.449275292161103,0.349815387039275
"6067",70.6030286833862,21662.8761492231,82.9368953897231,62.5370410128791,906.513517893902,10.8762768931737,7.54036478546847,3392.37483345953,7.93509757034678,7.27875921172055,81.366366450915,31.0546338509497,28.4769767455897,2.9412018821612,30.1611138252093,26.4536104841205,8.41302735469969,1964.70250646403,0.214260637319932,13.0136147321462,0.227258226511644,0.224933536113316,0.167668239249323,0.255301443066084,0.296556484646311,0.219740493849178,6.37612876948242,0.46339665083082,11.0905538064486,0.375486501566783,0.392234918293371,0.466830624296987
"6068",66.5815347317351,24028.9760145733,102.232687204511,61.5304998286329,997.267633683926,9.64091836921676,6.11004244591658,4649.71066855417,13.5177116669776,9.08577395924548,87.2729898934705,47.9096406525518,29.6298952624881,6.05786443371167,30.9932492923454,32.7310325713954,7.05597842953706,1946.52916137451,0.207723078173977,12.9806048365642,0.165229330343772,0.258136773975058,0.19972958940285,0.25903810889794,0.301315312495146,0.227557675786141,6.14264174018926,0.341815894648268,13.5371939141505,0.372299781517855,0.365670253546633,0.400683030962549
"6069",69.9408376932846,20277.0212483844,105.133569532982,65.0791699602741,1180.39438026103,9.19675063692555,5.47466900890631,4879.63644830735,15.8781694381236,9.24313204139436,73.2254957964056,38.2882652642261,33.1614309480882,5.40093873102855,42.4147110970521,30.2435348474692,6.86424187343813,1667.44009458657,0.19154581786494,12.1611144121233,0.292720916977539,0.357160749881548,0.211904770072565,0.305689853972132,0.322758337079238,0.557650250732451,5.90434964929489,0.354362642256396,16.8640608321409,0.403826424626676,0.339094948536129,0.411044626366121
"6079",70.6707640720371,20813.9777797855,97.8020851406152,70.5917857313368,645.686710334217,8.80222368855144,6.40432530482991,3709.66586491229,11.5618838757085,8.198971176469,83.2805924023515,40.8031111065052,34.5777169662191,4.27553022620182,22.2581622479729,36.3050476768498,9.10717337482474,1526.60271479478,0.184908032172569,11.5236902588157,0.174160618298432,0.226351211623717,0.2000208182355,0.272320048717334,0.316351838682036,0.272959247018894,5.68659094108144,0.288547396663163,14.8747027179784,0.380555564142829,0.492562842063612,0.399519926118763
"6084",65.7421940606165,21981.2729226947,72.4659469069307,73.9661925103036,533.013204191098,7.60611291069593,5.45281167806391,4303.61892416952,10.3470231767725,9.50310641654861,92.4667307884231,23.6281184186834,33.9608546122442,3.24525747677195,29.6458964445473,40.3498688929608,6.58350753344156,1574.823962428,0.218536452982071,11.8582539027494,0.177492277482356,0.197328098298337,0.17229257438797,0.256834174664698,0.337706248492083,0.240102154941551,4.36252707871811,0.457262492112923,13.0378685036729,0.416163284267807,0.398748147695899,0.379555842735576
"6086",58.7302056750357,21313.6491391189,64.0869177226286,49.1599451781851,430.186908397419,5.97101235368333,4.70123448628058,5147.92009185225,11.5185016677956,9.67297229555408,89.3345847262964,23.1788886368849,38.8677589226413,3.95075900926914,18.7200718907942,34.6148726911261,6.17060910822809,1719.1646161974,0.192267168404442,12.3257744720985,0.175081571103254,0.248121959423197,0.178470048546672,0.261982814794464,0.301706741849248,0.221060568385527,4.63336952653019,0.430202572061973,13.6513319333882,0.392139359690944,0.404221922634366,0.392655922595554
"6087",59.389249191379,22559.2458375032,60.3437814255084,48.3480588938909,541.352656047249,6.8202016640355,5.27064840076021,4561.91190842689,9.01311329711864,8.37207368475865,92.3474942394288,22.1933359634943,40.8202037675251,3.07398253517461,22.3933452079675,30.1233501529785,6.42691503949621,2044.83183750102,0.25466600450878,12.8008089083923,0.272785751069142,0.307768272591376,0.265815565836368,0.278553801448104,0.318609967459449,0.293785611907963,5.69952780383908,0.473813206747359,14.0145216985306,0.387466720718093,0.423694634926784,0.410185998196548
"6090",60.4875722039123,17708.5107642937,104.958613713338,47.1860917063848,695.911056062428,11.6170987036451,5.5259370660946,3855.09462233702,15.2511990320089,8.13856759894533,73.4948151393458,48.8904685232519,41.3014509963826,6.57773263789721,8.41299582795869,41.7064443097676,6.4698289876846,1629.96987412974,0.20864970769536,11.1852458615164,0.230244549326014,0.265037048164749,0.195337283292162,0.262756714276552,0.277793884548025,0.28877122920425,5.78891884605893,0.354084875484942,9.95286568175267,0.351797882849776,0.684847770715864,0.418627123771151
"6092",62.1146887092113,22576.1462669087,101.790526796129,65.1770156327266,828.505815139031,10.7072621362606,5.25172552380823,5288.17757561952,16.4892029711445,9.68793723809318,85.5542436225284,51.6712845643687,38.3911347228438,7.75111120332879,12.9756065018027,42.2768435220792,6.30757286187501,1834.95742913999,0.203662363962793,11.5364347099095,0.179622800901957,0.228052860618195,0.219400160413488,0.282940544509405,0.330880169835152,0.248530277753988,5.05676164178488,0.342112833049674,14.2681812560135,0.41635124971494,0.613518583169963,0.399856393828223
"6093",68.2786228062147,24326.5780315614,135.275872899634,74.2037594974114,797.062154468567,7.7994043341399,7.24343428566968,4307.94971765714,14.3652993162864,7.79838168107297,80.9475714240748,72.9956743886317,38.6279584356252,7.77770740609188,28.6761900622,37.9117167128883,5.08563761477245,1572.65754353218,0.156914813391428,12.6166367137841,0.219085784721668,0.237556754840914,0.173737627601228,0.259289538027274,0.301497682499551,0.214598809363873,5.95758750874708,0.268847333137283,10.3178583634366,0.365706513338306,0.336619125351361,0.385057951396995
"6096",68.2786850598883,23560.8919331389,80.7596718089985,86.2679839373338,655.36168128915,6.01520111196365,5.31926182795269,5336.6644106166,12.1754839583574,9.68822789371358,87.0640919035955,31.1108527670882,38.5272136419486,4.4646077131477,12.7888948733603,37.4669020591373,6.1995574475478,1603.64311581732,0.181944156838739,13.6229577013258,0.255473337015692,0.2528842446818,0.188375602333993,0.299515792031292,0.33277687340836,0.315399916516953,4.93214981799134,0.390488578790035,14.5869367268875,0.378971830002759,0.495883731529729,0.360612720659004
"6125",53.1492297422489,21196.406346417,51.2234636171521,42.0371950123108,697.634061879032,4.64508986179923,6.5636024921311,3263.90848261412,5.74164104848243,5.33136745719131,90.5601208421666,20.4652757752892,46.7589856596593,2.33844582261505,19.7340263680211,9.6332002524953,5.50034708773524,1881.20203772686,0.214958996699861,14.0133600146486,0.248834943624349,0.274223468179483,0.214828166530904,0.289858504204059,0.315087856636787,0.29159489238353,5.58933648772907,0.469350161530372,12.155130805021,0.363412969774589,0.395028102898197,0.523319312743166
"6126",71.3642306269012,21678.1079340806,90.1788310603917,59.597795045587,1281.60113260675,17.5680779326498,6.71482337840768,3485.3458478212,9.79986706716299,7.77777911388539,83.3159464678658,35.7362740562102,32.2240345017252,3.55190530246739,25.2448457848457,49.8233341821585,8.46952636291609,1822.6308369291,0.19218157510328,12.6050922745061,0.193166292006319,0.196482082947587,0.171053450753937,0.289950564803332,0.364563243101959,0.287366205506693,5.39285975846833,0.359522518042174,14.292113670177,0.385281331278358,0.433475151767425,0.382196656029154
"6129",64.5000567422894,21376.3491247748,66.9952830165369,64.3393323839149,326.126367150095,6.00557837937462,5.69382490702698,4070.26261948063,9.49713599494977,8.48002491518595,88.1017957848111,20.7050873659135,39.028393045643,2.81917805170249,21.0866014604097,28.4301184555844,5.6191302759337,1608.96440428701,0.189000559108565,14.1308591198364,0.240765126801896,0.223701155852946,0.190726652038443,0.252722730570545,0.298258664149084,0.273989834362432,4.26721205236519,0.491408155958411,12.3031805056806,0.389733043436966,0.461385636173035,0.428405190404922
"6130",63.8749131817183,22975.2970837722,118.934939176102,49.800991892785,710.404670611736,9.07553599437538,5.49760353867493,5393.5232973757,17.8370347352415,9.27390776241366,79.1617411657444,62.5618616704217,24.7877408747301,9.17734099940367,21.397453757505,56.295550944037,4.8180524940161,1462.72290243779,0.179449832805968,9.09091631099318,0.219545966069879,0.261580394817087,0.198858478207091,0.282064127622548,0.284468867283957,0.275121162975734,5.01042817686796,0.259570704626647,12.5391968012325,0.323107943475789,0.560120593035596,0.384911099386065
"6131",66.6748242165133,20822.8417581156,81.6491212043554,68.8897975085421,408.05987695721,8.7172621499086,6.20114606041762,4070.49468282854,10.8639699585969,8.56779109924173,83.7535343080623,26.3827649426256,39.9865578291436,3.4215237167941,17.531724072924,36.4870203002799,4.51145739501259,1528.53953666109,0.197139832634414,11.510523626012,0.181657209385302,0.218477465171465,0.172957776928385,0.255093127397994,0.295126042866792,0.269168117403551,4.88740078413938,0.391707330270748,11.1915846769103,0.370103107468156,0.431420369492954,0.379837476634993
"6134",73.0882764050814,20748.9468324372,111.585382092841,76.7635575823251,676.881871896882,9.94380985987341,8.84992466785427,2720.59126054182,9.78949250771773,6.55792158341616,82.5723404179457,48.5828140592584,28.2414649595835,3.93301784423677,47.6713234452481,20.6137876140077,5.30370146200724,1441.36056520237,0.199448320144357,11.5815557304576,0.224240024288237,0.203958111306833,0.149434183427745,0.230623081264013,0.291953570801488,0.185617680114365,4.68865374847435,0.361719028010252,11.4331744174111,0.368765527268234,0.353297562970281,0.419042153751674
"7010",72.1713864675516,20993.3629190759,83.7561650181859,62.890152120176,611.883541911363,8.06875626834862,6.55154545378602,3577.11674165252,10.2547194142735,9.01306313750943,88.6293400168539,28.8513921164003,32.3154808866432,3.2057714889323,42.808231695178,35.413167181349,5.21495685231466,1443.78781392953,0.197795896588801,14.4537173360615,0.229842134453112,0.275479177509159,0.187052615139961,0.253771766568673,0.296440133383912,0.247173521615828,5.16886317536047,0.383311098343517,15.7020362281032,0.367598605400306,0.317337065917138,0.532166609451678
"7018",63.1816544419913,21998.0664422514,103.836781347326,50.7019464798313,359.740546292378,8.71079008931244,6.43137937407917,3985.35154513889,13.571725083718,7.72007276500203,87.0868474823463,49.8740515502568,23.7182036680784,6.03680577254121,33.8391454489354,55.5099271055625,5.17690865014562,1474.1729946282,0.177541766793939,8.70380015270781,0.242919990990228,0.252783731816658,0.186905471329054,0.264313193099213,0.286720408052283,0.271716689960022,5.29491617142103,0.302332931862265,12.1858022324252,0.351111114925161,0.382791130438097,0.389453207459158
"7019",67.850372942822,19965.2094522346,113.258875441091,70.2750545876196,368.717390703543,7.06734932347308,5.70886698718349,4145.76733072771,15.1245251410252,8.35751801340886,74.2896987503204,57.6231770502851,41.9797206626974,7.71286648339252,36.8299269986531,34.0313235619688,7.04142157916811,1409.90308325959,0.177257846510975,11.2121108783138,0.18660551387249,0.207444238503965,0.17602056430963,0.281545798409357,0.301017275669532,0.312480964028533,7.80601557415093,0.347401764642928,10.5328441732198,0.390302426916507,0.306729626604893,0.354523920181
"7022",69.1660960569925,23810.5348032847,98.954048489555,73.4954455932233,809.537877210187,14.0916536734576,5.97384325777009,4569.91250015175,13.2445033580092,8.99559657876325,86.9516834007361,43.2041001020486,38.1763099204763,5.58941433170585,37.2740297760454,46.0422789183866,6.19233727112614,1664.84455969248,0.21164532814424,12.556523961557,0.197332675262982,0.221253738432072,0.196194151479717,0.253369705487656,0.334417194637781,0.266420215962019,4.44079325032093,0.382876243882942,13.7543374359738,0.40309078403057,0.422584409001859,0.418644929329765
"7023",67.2925251456901,22771.4285350502,106.09921135044,51.5800262839364,386.016080263906,6.70850274041618,6.78769472471159,3923.48198712685,12.8157590691995,7.69918081227294,87.2545325478901,48.0238481377902,39.6024134586513,5.51574154757191,29.3932998259415,57.7839390731505,4.00099055082774,1422.16414920269,0.147329364162167,10.6013966017084,0.273811441930369,0.259677616879313,0.177632743393003,0.25698701825633,0.274633929351669,0.26394798590733,3.95500136373226,0.257307998521454,10.3063541780987,0.347234162830224,0.415847052713621,0.334770645425549
"7024",67.4473100630505,18346.6742437422,84.4673898827223,53.911344901055,588.819761948231,6.71306858746408,7.02965852668527,2911.04710813192,9.43056352445915,7.63548248827639,82.5497538919102,29.6024437558748,29.6290427575357,2.92209481825982,9.29418665798772,35.0789446590904,5.66198291144983,1299.4210810784,0.17827814239742,9.67985929017233,0.194652430488902,0.254051695918568,0.172052021146995,0.246108268170013,0.299682678969738,0.207000050345614,5.69641399850138,0.383903031575612,11.8236071821469,0.409125075646789,0.661379214500344,0.455355862560815
"7025",69.2666454096702,24218.0776933182,93.4751890582433,68.4267287882626,431.322200031379,6.32794372668079,6.99033104531925,4016.01604105183,10.2943024492604,8.01244307353052,92.2064762012715,39.6571128392813,24.4784424937568,3.96388245482681,11.1638584243008,43.5108159271823,6.98933288324201,1429.92411019077,0.162388550330053,11.4270893691503,0.169646472857764,0.218603499784193,0.154919983201594,0.229740433338395,0.286273613257025,0.259264341019025,4.61889248271193,0.357765703453985,12.5724308020533,0.34781575657606,0.503159484892999,0.325037186575508
"7027",76.9207057735192,20736.0568070013,197.802729234137,64.4743989536177,445.82797970327,9.71557354128474,6.57081616305614,4684.91065184456,25.1172223547983,9.60561657240533,66.3215675974413,134.970709078454,30.7595755746269,16.5289068465418,35.4382086606116,51.664235741822,8.64901222159576,1522.07498687538,0.164750510239098,11.7943713497698,0.16589837722434,0.24533923864934,0.182543209535622,0.26246325982984,0.27885925432121,0.262078264328976,4.11156161189628,0.262982268036584,10.3971719954961,0.340545095539093,0.439881053049389,0.385329494043748
"7029",67.1224858948945,18892.3809506954,96.0583913270183,55.6398766070284,719.994543946322,11.6709162110123,6.01004628082084,3583.60725617051,13.031076373908,8.57002287481839,79.7365682756621,34.7433899762133,28.5420825365959,4.42454897985853,20.3585150667093,39.1877541092663,7.46015891267485,1775.67783160538,0.237366939005306,12.8121959068699,0.207319071011644,0.226651163181988,0.159412022077411,0.265164439095495,0.28527848666749,0.43832416680385,5.60447909303975,0.406990711930047,14.6242674728776,0.395624381571236,0.532708112215939,0.455531648914097
"7030",70.7536201979842,18526.5426921844,166.754518461628,67.2854632524266,429.898421373324,7.25874471381466,6.21825963308914,4003.86556684333,21.5809685910921,8.91393802412045,67.4972533713522,109.446616672763,36.0026745765048,13.8570260481653,26.6245836164042,43.310240875764,6.11095405031463,1293.52033751636,0.145719340784577,13.5901662196308,0.17231602656595,0.195310927655685,0.193806812061301,0.266293637768135,0.293907743042846,0.299694032757667,4.30404177879485,0.245068917856539,10.1598414032581,0.35495241450881,0.386368636425698,0.370029342560707
"7033",64.69495690105,20055.0063692747,111.03906210476,55.0161019297696,1153.50979950198,16.1841971445672,6.92795795924939,3495.92990650957,12.414262045128,6.78390151447863,77.8416784665137,55.7230658495719,36.9074116605039,5.90441662382604,14.501320400649,52.8353721503481,6.98490882403761,1127.1368478889,0.146795276464068,10.3532285816971,0.313896455857935,0.31523077176299,0.187765655774541,0.253316840655987,0.290486669154814,0.249026834317074,4.66753881317221,0.294833531052232,8.87174266539845,0.35583308009591,0.532921576903902,0.358207775511891
"7039",65.1162244356259,18971.5929439528,126.619868127954,50.1947091274707,579.411595729753,10.3748399438778,5.56177865077243,4183.56507091104,18.7988742389208,9.29303368455849,77.0808087393693,66.1354873326091,22.5699380292693,9.19002443290045,13.8807938589811,45.670060518693,7.13548799506546,1814.43148018742,0.24811668897414,12.5854364916886,0.22000713135304,0.230950520529686,0.188381683697878,0.275689362673775,0.323847832246211,0.280472833692704,5.23091681945368,0.399562048376481,11.6253176279335,0.390711212872954,0.595886378204611,0.400152106464004
"7043",63.4914733695477,21535.4070807614,76.425540897898,63.6576938250449,542.797032628865,8.26208903895399,4.83921182918765,4623.50876672231,11.5504185755223,9.59806956391962,87.8829044172128,32.350463559365,44.9879460954761,4.5002960293961,21.7976150886512,41.6760026415362,3.96229588023591,1773.29403896665,0.18430605690476,10.8092876318787,0.264477353603521,0.231165721579603,0.21387499899386,0.312106063895226,0.364404293560052,0.303889311221472,5.83267781310836,0.321179033283086,13.0578900227633,0.414787646742893,0.494501103044569,0.407311490738666
"7045",65.7315284238249,19696.1207053142,75.5381088626806,67.0970864840539,582.152530037795,9.0882807352856,6.10524360462336,3752.92967901025,10.2514382202402,8.55160423798236,81.9946694362445,24.0330207466317,27.2885046238905,2.99130178411181,14.1144071546304,29.2047854812688,7.67736369962077,1637.93393642526,0.270174714270723,12.1657753226352,0.201764824405109,0.225449412962306,0.20986086936001,0.284847729316592,0.335788120326539,0.282590781022792,4.6341669921119,0.483464435106572,12.0362308686895,0.401337972161428,0.522115419003045,0.375114147533818
"7048",69.1494289800619,19799.1048343716,83.3521859537388,61.9366858654347,616.428317237813,7.58431580994545,6.56608039849978,3812.21403690011,10.5138160363078,8.54833251188301,78.5351117026945,30.3530657151098,40.357139051109,3.53230041635418,24.6646830952445,31.772478318281,7.57583498884119,1560.31069436,0.169880112574551,11.2927034447753,0.238826396060218,0.251226727697158,0.177358463160277,0.257194699359311,0.28381302797392,0.249814814624596,5.88052217659321,0.35362524767541,10.9097262404999,0.38179378227421,0.372398505895774,0.399519940370977
"7051",69.6410986161628,21715.1344076456,98.275825513353,67.9908371765064,628.194244840959,9.3957987438857,6.1580691824899,3937.76835833558,12.6192304307217,8.62215158754092,88.2084838270072,40.5038979547749,23.7796686712801,4.55470149298811,20.8707496357001,55.035087569328,7.17234480921531,1716.65250751923,0.242172156267694,12.5507994518857,0.189642667933538,0.184856199665077,0.174066117914946,0.258899562589126,0.314716598448101,0.299940086443101,7.11408320413118,0.427123467567142,13.2837848463041,0.382564083280668,0.610593070872043,0.42146930262755
"7060",58.736065051946,24760.8645347028,102.038659951755,51.1244106668487,640.812637576375,8.02848052726091,5.78942502214132,5322.29738268033,14.2498154579573,7.44186551679391,83.3330461097409,52.300138970537,38.3532041560778,6.95954581689159,16.3080106766387,44.2778568127497,5.67784110016431,1721.52928625427,0.196701779746733,10.6397636511857,0.184883378925339,0.236933560442657,0.190280403734038,0.276041567941288,0.331189340085498,0.281257924252564,4.66888945958465,0.363618071865114,12.6560698757166,0.406283873710547,0.477101296764459,0.381819802835733
"7064",70.2499592208089,20571.2156631609,66.4390543148668,60.4500951160944,672.011698196972,6.23862347372235,6.59776650675119,3444.68436096027,7.8022571821286,8.44321545333165,85.5124929197728,21.4329695843986,31.5982467777431,2.30958807465607,7.01379380135713,32.8258598826082,7.93791082033944,1480.54112613346,0.20913024834358,11.7756305933985,0.264648788714283,0.24835306865495,0.204453741923382,0.274432041007435,0.33370285364836,0.234709871695815,5.64050104105526,0.358079638192811,14.3849534277838,0.376498964862784,0.54522797546044,0.348785726031966
"7065",66.8608502334883,24133.370192264,74.6600323605573,54.3927874816426,505.445914211206,8.94598365600549,7.51682354379427,3279.65181186472,7.50918667945007,7.00325220723762,96.1898514833705,28.8515066019466,31.2907953845337,2.8704480166945,23.8083711856261,35.3529779982461,5.51720400212019,1666.54232973107,0.174738634855722,11.5276547942873,0.190719178420679,0.203892913062866,0.179895792291534,0.262716037037787,0.289306110280036,0.233625801204304,3.97359433958148,0.341806212494659,10.7618083581882,0.365102445265457,0.342958357274363,0.359599362351614
"7068",71.0142194112532,23291.5076803518,78.8462093135166,67.375944462996,672.846765534738,7.71103326317149,5.77221617766697,4474.24526940015,10.3046594559789,9.5450639882559,90.4464084538517,31.8179399630248,38.877555269234,4.07290515852134,9.11701437762535,52.5647067706716,6.9936562910936,1715.45049675406,0.186761613895061,11.4535386525696,0.219585106037143,0.253205715599937,0.191328716848364,0.235639966628235,0.319299372727952,0.256327824795238,5.18157897796909,0.364289479405895,11.8537651840532,0.364647657159425,0.506799048870204,0.334348022331307
"7078",68.1732788458133,20558.8190289637,92.1078538845107,70.2269202480142,622.69476396495,9.02436755473688,6.50681652790085,3810.85972534258,11.0949732814889,8.74729649394757,80.9124985327552,39.5221602656749,24.808130266899,4.32267417334038,21.4331677416144,34.3288509749321,6.5756264652351,1520.60894281924,0.188322912983128,11.762699660503,0.258631882397628,0.205093587112502,0.156575515886671,0.246770837566133,0.283873478702915,0.222171126530379,5.65037811374979,0.313331951021671,12.2243077060526,0.371397260035177,0.464948969176861,0.366046493991348
"7109",65.2227167127514,19306.471142055,109.123429723212,59.7024940539115,325.202979332511,7.06469215893146,8.6993961217551,2613.58341494217,9.62871186496715,5.26249565632163,76.3064417172817,56.9663164313908,38.9419469251331,4.8504547480996,11.2581391914203,32.7432021635515,8.67397068666199,1682.39187478854,0.222581179294978,11.6062055745107,0.219054549139764,0.232621893489251,0.176167256339009,0.283593568552496,0.321877964027234,0.299810126698553,9.21167022630557,0.388773184485499,11.0275060407087,0.38547031381703,0.53498401874245,0.332167179106121
"7110",67.5745351395623,18790.4344219028,70.2818858837197,56.8974262031516,840.021307444811,7.66886802292311,5.64001961510205,3906.69485740385,10.2050350630945,9.60151681537361,79.8822405365874,22.1598798069665,43.6892511496039,3.05218011159371,28.3419515528374,34.6902219938039,6.20300690325557,1172.28202195679,0.186989586156514,10.8706455781904,0.159936934337978,0.262317743513594,0.195763071136598,0.257475180312479,0.288523453174268,0.258799050166993,5.03360136405601,0.389122505420602,11.8656572866117,0.382509951656134,0.351157037912506,0.364804548948372
"7114",67.6120300048645,25717.5224855193,112.369534485164,73.596361350371,895.959247724723,7.02156427342891,7.01623275773624,4664.18324765439,13.37607792484,7.93823497383915,85.9173614653771,54.2770303970651,30.6230642918456,6.00517988661923,20.698830551456,36.4592199413871,4.4392687095685,1638.8987910465,0.158187203522678,13.043204355602,0.204939254856504,0.2351260807898,0.167543994066186,0.271912770990598,0.300531647748273,0.263902605923394,4.19064789310538,0.284597480966449,11.7572882625969,0.365279672979282,0.457241270884253,0.349704406795223
"7115",61.8684781583311,22492.0417530923,110.142061321287,59.046606488452,397.104257941283,6.375402634654,5.54690645134584,4762.27421092097,16.8166770320074,8.81980631600281,86.3545272170685,59.4237849658987,37.8409139047184,8.54212193316594,26.1344571678733,38.1466693156442,6.73068113572477,1811.61750605244,0.202159801125077,12.2789992019206,0.183854881969615,0.237905308591081,0.177870620697219,0.231420009626384,0.293909000754442,0.193215679968755,3.91996374425861,0.381211933586436,11.2526091806278,0.388016782824843,0.365991604556388,0.355260696091735
"7116",60.627773443266,21101.0352810986,63.7359500325746,49.157152087176,486.132489193534,11.6660070276404,6.0623548256775,3911.37842129069,8.30353225370242,7.84688861421373,86.5646324191422,23.7735052980689,39.755727514491,2.91895767247657,19.8639286688741,29.1201932832935,6.40306402539632,1515.92824174182,0.183438961771013,11.0299517209794,0.22443259423274,0.227057205870085,0.18422269562691,0.25593896927607,0.302625977730975,0.277686130138463,5.0865794685504,0.358324170539405,12.8945328500161,0.35567814729969,0.470180824357568,0.404265061817943
"7119",60.0394014702135,21352.6439480282,77.6795732177567,55.6990377189721,727.861821387804,7.57800332646424,5.123850435729,5020.85384382439,11.9534445072408,8.99688230864283,83.5379480542416,36.3224160428176,43.2268519376737,5.63968833493379,35.7006444626531,27.3598809605314,6.09906631888347,1680.97044779146,0.175052984439565,10.5687134907691,0.255207512388272,0.258632090733947,0.183717013666693,0.270122096088382,0.329625760456039,0.25822958343273,4.8278280893354,0.327656742905303,12.4578064080314,0.38101028252334,0.361547789300366,0.434671058947175
"7128",60.6370643884885,17670.5238755898,103.408953626382,63.4444329978237,851.629691942492,6.7753936160078,6.23777008208286,3756.98052270057,13.7567502246233,7.9309401398373,69.9228041960051,55.8047358186158,44.096126574097,7.15276477762109,16.4151465477018,12.8338297068768,6.03868172247914,1378.74492559422,0.180607037697444,13.1435873471638,0.203437575087791,0.21450695895064,0.175314897530841,0.283674540557079,0.310640812403572,0.29819002178507,5.33664122476345,0.29834428787985,10.8698089343566,0.361895695544619,0.490863516270883,0.480754917769222
"7136",67.7293265048842,22485.2026372736,78.3934034268318,68.7786611079271,566.224786484684,8.93354801983186,7.1971119661548,3608.03903501201,8.9933913433691,7.37726869060323,86.93442005582,30.2223767895412,39.1171711282395,3.16010876651099,19.9415752433196,37.9586757982615,6.52831707959076,1272.05641811098,0.151762557866004,14.1818486147584,0.183369348982858,0.2185123106615,0.192688371270625,0.263860225323884,0.278734101789427,0.281787601552971,4.45460362179104,0.341958161266678,10.4379082075224,0.360248199504835,0.387037268357516,0.346947482394583
"7138",63.1191427999895,23140.9149027969,137.04165630851,67.6593128559949,812.594245774866,9.94314581425493,6.4828815890722,4670.70230107061,17.2726227439185,7.61234824903973,77.5079302790067,83.9167212571611,37.6308012592213,10.2950810104206,41.3801211124702,35.592396556937,6.20291765864866,1425.03235434465,0.150038436388045,13.342608980695,0.193503171325896,0.235886384952844,0.185230858042989,0.247433477915316,0.282664319663,0.247609259252953,4.97919314896822,0.244904581859387,12.186786494546,0.35257605609656,0.352493251422613,0.391639605162555
"7139",64.9034253188027,20784.7809896634,87.2249583746052,67.3960221187692,680.445945609286,7.3558156277163,7.36244924318377,3651.73384102638,9.83434633816181,7.41188880819641,80.7517378736235,36.1361549081941,33.5040864031639,3.95379518449305,13.3630885436276,30.0555264320746,4.68629276769435,1525.65818717353,0.16990390154258,11.5929062454659,0.214385806053722,0.273318762490825,0.167461657557311,0.254168530502374,0.273153196252834,0.211496553378798,5.15140567447795,0.343815183567929,12.0623928454811,0.357953001649379,0.545677742025265,0.393260683555428
"7143",63.0735679488929,20681.0448663533,64.6175912602592,55.2718194605712,1179.19013173007,11.5336230346365,6.03582667949619,4101.89050974763,8.79322317378747,8.23944432340766,84.760224135234,18.8092824946652,35.9722951030528,2.21308053312962,21.2752548495044,23.3701879386976,5.42883081027701,1588.81649352169,0.191390724427921,9.91204101512448,0.246316806611515,0.240172269844024,0.183368434356937,0.257558633094997,0.323319397703148,0.241576932384232,6.48095709680632,0.444406286784144,12.1628419279563,0.394922416695547,0.368888082684962,0.424393502075471
"7146",61.4594707116892,20492.1025805791,94.7185959794599,44.4164411528389,861.548335607934,11.3780080879259,6.02216592019198,4050.10873801906,12.8350756976848,7.72760168420737,81.6911361714602,41.3605832940224,36.0083355306836,5.46591227421262,33.966556643781,44.3608186055017,3.90273311821545,1452.67516087726,0.185095112457701,10.0542143342501,0.264787456186035,0.267056212991443,0.224743578250684,0.290957768810412,0.323064837694809,0.297520346015664,5.04179816277079,0.373115734521761,11.3504506690935,0.3810258945196,0.446339355630216,0.340663140087861
"7150",65.1742341980194,23166.1272940666,98.07672405434,50.8872743634604,2101.88676917378,22.2661641086404,7.16081197170703,4169.21921150554,10.6659305683645,6.81283767937725,76.1507312285013,45.9500276890471,40.6039240283071,4.76941700702776,33.7930446554827,36.6109292761592,5.73527202150664,1409.74920389291,0.174972026772755,10.2768733330221,0.166473364132571,0.209121670253447,0.16821327655528,0.257079507115175,0.296496606557586,0.218336168278978,5.46046777033867,0.31799641486086,12.48373873517,0.360697105583651,0.339280794674711,0.377966020133908
"7153",65.1811939643973,21982.0820076346,70.3319317515247,68.3597246556203,993.745754370751,7.53616059754481,6.6342848444062,3547.17553871888,7.64377815656588,7.18587447866207,86.9162746652499,25.363329702438,34.227286312806,2.62837811537091,17.3911780096638,34.6044011382791,7.29312543860244,2292.04926671164,0.231125151689065,13.3290493551096,0.280831415809656,0.303496384844341,0.216409564378711,0.263571640531788,0.315177278534501,0.276877577549665,5.94339079134261,0.411261037458483,15.9330874206318,0.379126495972901,0.357370898494006,0.340803492535043
"7159",63.7856733349442,23314.4748431912,97.3779652813833,51.6574490172837,603.068679869473,7.17495860767275,6.49207223520591,4275.11787828056,12.1157218931649,7.58130778144822,84.6628171209893,44.2410423696752,31.0713466348146,5.3821301411811,30.3443294935843,34.330700680448,5.02241733083433,1588.83198030438,0.156018150195799,10.1964954109479,0.204754184296876,0.270703718703056,0.166755263778821,0.254073534358757,0.298479839192882,0.232401930542168,5.08577547964399,0.286054137775595,13.5394254685084,0.351095191807755,0.414037581966926,0.420250901067049
"7163",65.6578113781433,20707.9554851947,131.156050395794,59.7358942614091,915.187316290363,8.22164867720341,5.88116283491244,4643.80748533496,19.5144865912651,9.09492852611965,75.7111654928559,71.0077593047336,35.6645044553971,10.3443406083541,53.0013092453546,16.6056755319421,6.76267380793977,1419.04142441975,0.172870881803428,12.329479589895,0.194702827481177,0.274215282476683,0.166945456383626,0.261132921777756,0.282876927796789,0.282413437931581,4.31930645349097,0.327161903690107,11.0331526961148,0.362489798772645,0.327658657669769,0.447133852107809
"7169",60.2660240042373,20724.8270052354,113.206685019097,23.9988080600765,1272.98243810455,12.3884133771681,5.35033496105828,5249.47626176242,17.5698326432666,8.98883429239746,73.0371599345477,57.4305629333597,28.3761206766402,8.35099857519453,45.6568872760097,32.0746112309199,4.67311857704531,1812.85180740639,0.181330281415245,16.488997507791,0.38599088791232,0.431146822917728,0.202326966024348,0.269737303001715,0.289033478533731,0.278209528999946,5.53548385094821,0.309545404976113,11.788793855462,0.366693869830852,0.334646620558079,0.372402937206106
"8015",63.8224135406047,20998.6645171701,64.1100096486135,50.9957260801045,695.50329715153,12.9051983719354,6.42239313829787,3706.87663699458,7.77799632987018,7.66071173517165,87.5574299775091,23.0061334360706,33.5521922132073,2.56884164634892,31.2053279372707,17.1675141902677,4.714680562984,1541.29125089033,0.198116328934804,10.3398730658566,0.24055552198913,0.27634731047299,0.162250775366637,0.231143640647023,0.307838259642862,0.178030434252172,6.50336699076736,0.357037940299696,12.6893273785737,0.351428041076212,0.444746736263781,0.576389951784885
"8083",63.8702118354211,20431.3853102268,93.3004556571318,58.6638593561014,673.009560769719,7.58080848121145,5.59762666909773,4516.77997401217,13.6225270620267,8.91802140074369,78.6009650613791,43.1303847668309,34.8473561845493,5.8450275388385,14.9223888521203,39.5939643004731,5.90095071741267,1696.76150306079,0.19145292656582,11.1885177096979,0.177995895177922,0.257005890888162,0.18553242515778,0.280549556186661,0.307700871737082,0.276817824357459,4.84000502122701,0.34381700988008,12.3846237839294,0.36894981974238,0.530833495065963,0.376626270170396
"8145",54.7960070556612,18053.4354335271,77.2069388390301,54.6941762440727,614.571276501203,8.38297783604057,5.74421819173572,3727.83771963551,11.5867848843405,7.58814773691629,81.638757204763,35.84783666064,45.16135845535,5.30553616283806,22.0910113223524,28.1116129575262,5.65531193540317,1535.88812662228,0.203985115555036,11.4449998359411,0.181498791266341,0.257557069219054,0.193805991648929,0.276411927626645,0.322228664241465,0.288494800963513,6.03441710630936,0.366751975683476,12.0332167345088,0.377035639121371,0.347396839757347,0.35833334073198
"8146",63.5600926111315,21577.558393187,73.194389120408,71.1956658348904,654.631267830759,8.18800463620034,5.17869348737071,5126.29019486966,12.1369460342779,10.0024432392749,81.7738846062419,29.5686484740041,46.3163504526742,4.34930610264807,7.73644577142239,34.8136065591793,5.79190287904367,1651.01083713597,0.167812925584379,12.4355880816844,0.218931526474496,0.250762421971885,0.186680025933006,0.252344758934193,0.30274419858372,0.234229325007866,6.09925362534027,0.284506968528451,11.5580311279824,0.36820641763251,0.471348378417883,0.328931149249131
"8154",51.5584219218972,21783.0800300029,90.2417703131745,34.4529892662152,1087.69011978331,16.6227450012446,6.40833701057815,4064.71830229896,11.0550420260953,5.53445562027228,78.6600077545785,51.9297526003617,43.6298805035706,6.50089914064196,17.8492067544605,56.7681676169958,5.32253773971763,1694.40190595686,0.165650187357017,10.2983637988767,0.161593515706213,0.185229999335429,0.183287248821922,0.272180322100858,0.322287188105855,0.317052022699545,5.02970778350945,0.27766188356232,10.1468480964079,0.376928904691857,0.374820352441263,0.300638180525357
"9010",56.6691531912463,19323.9397688038,91.2889809731808,43.4036443127993,523.169749408048,6.90845795079611,5.79131483640992,3786.87559238817,13.147410485224,7.29484292982983,80.7876697595694,47.6016642931366,41.5084619034904,6.94099213899598,22.1075546469485,32.2452718418829,8.51558260381362,1916.59259333408,0.195166984392094,14.1498975288625,0.257055986852205,0.268619485984658,0.161539772827365,0.272393388258225,0.29872824952214,0.32175456706519,5.21846502154297,0.300368084894915,9.87450661419282,0.347832174625259,0.453555829325403,0.410204646516443
"9012",57.5081068006858,20053.1216984866,91.9271156713881,49.7617851997889,780.628749535166,7.61747624433685,6.69839700619194,3605.4820430141,11.2672860845414,6.03759168335901,76.7617250174168,45.1864446730304,41.3835591474342,5.53798823516622,11.0630241158885,43.2068922561123,5.99112291344247,1692.27372028601,0.17625596150621,11.3735480198029,0.211919462104962,0.240247771619815,0.172353698195733,0.264342467701195,0.289692380689789,0.298336177274293,5.70350353196562,0.31375947942902,12.5124649522057,0.350844677270565,0.444408983123018,0.30772270987831
