"cow","variable","intercept"
"2007","feed_intake",69.2145516960405
"2051","feed_intake",59.9938782086372
"2063","feed_intake",58.2363622172497
"3067","feed_intake",70.2891973944144
"3117","feed_intake",68.7299148315899
"3131","feed_intake",62.9196129120211
"3150","feed_intake",64.9225795609723
"4001","feed_intake",64.8800682914795
"4008","feed_intake",64.0413426449925
"4026","feed_intake",62.3587779785707
"4044","feed_intake",62.5428522409427
"4057","feed_intake",62.0499743807933
"4072","feed_intake",64.373966890421
"4080","feed_intake",64.2831967595937
"5005","feed_intake",59.3038055900449
"5041","feed_intake",65.8101414249908
"5042","feed_intake",72.4987572808866
"5061","feed_intake",64.7181365847997
"5064","feed_intake",66.0054517706864
"5096","feed_intake",55.6607300653357
"5100","feed_intake",61.3155207074525
"5118","feed_intake",63.0046860021039
"5120","feed_intake",69.6036578168966
"5123","feed_intake",77.2179939246919
"5124","feed_intake",62.0831635239154
"5133","feed_intake",66.9792212959118
"5135","feed_intake",74.1920037464546
"5137","feed_intake",63.9103509765075
"5139","feed_intake",65.8432747645781
"5140","feed_intake",63.9030895448977
"5145","feed_intake",65.7803673394002
"6004","feed_intake",62.6003040228117
"6005","feed_intake",67.8585750994746
"6011","feed_intake",67.3103026646779
"6022","feed_intake",77.4999847256854
"6025","feed_intake",70.8250007286079
"6027","feed_intake",69.1517629329551
"6028","feed_intake",70.6259107566798
"6029","feed_intake",72.6413712374057
"6033","feed_intake",58.5482298509617
"6041","feed_intake",66.4198480937175
"6043","feed_intake",59.8740538860027
"6050","feed_intake",59.1925834499652
"6055","feed_intake",60.5909356564255
"6062","feed_intake",71.1648287792273
"6067","feed_intake",70.6030286833862
"6068","feed_intake",66.5815347317351
"6069","feed_intake",69.9408376932846
"6079","feed_intake",70.6707640720371
"6084","feed_intake",65.7421940606165
"6086","feed_intake",58.7302056750357
"6087","feed_intake",59.389249191379
"6090","feed_intake",60.4875722039123
"6092","feed_intake",62.1146887092113
"6093","feed_intake",68.2786228062147
"6096","feed_intake",68.2786850598883
"6125","feed_intake",53.1492297422489
"6126","feed_intake",71.3642306269012
"6129","feed_intake",64.5000567422894
"6130","feed_intake",63.8749131817183
"6131","feed_intake",66.6748242165133
"6134","feed_intake",73.0882764050814
"7010","feed_intake",72.1713864675516
"7018","feed_intake",63.1816544419913
"7019","feed_intake",67.850372942822
"7022","feed_intake",69.1660960569925
"7023","feed_intake",67.2925251456901
"7024","feed_intake",67.4473100630505
"7025","feed_intake",69.2666454096702
"7027","feed_intake",76.9207057735192
"7029","feed_intake",67.1224858948945
"7030","feed_intake",70.7536201979842
"7033","feed_intake",64.69495690105
"7039","feed_intake",65.1162244356259
"7043","feed_intake",63.4914733695477
"7045","feed_intake",65.7315284238249
"7048","feed_intake",69.1494289800619
"7051","feed_intake",69.6410986161628
"7060","feed_intake",58.736065051946
"7064","feed_intake",70.2499592208089
"7065","feed_intake",66.8608502334883
"7068","feed_intake",71.0142194112532
"7078","feed_intake",68.1732788458133
"7109","feed_intake",65.2227167127514
"7110","feed_intake",67.5745351395623
"7114","feed_intake",67.6120300048645
"7115","feed_intake",61.8684781583311
"7116","feed_intake",60.627773443266
"7119","feed_intake",60.0394014702135
"7128","feed_intake",60.6370643884885
"7136","feed_intake",67.7293265048842
"7138","feed_intake",63.1191427999895
"7139","feed_intake",64.9034253188027
"7143","feed_intake",63.0735679488929
"7146","feed_intake",61.4594707116892
"7150","feed_intake",65.1742341980194
"7153","feed_intake",65.1811939643973
"7159","feed_intake",63.7856733349442
"7163","feed_intake",65.6578113781433
"7169","feed_intake",60.2660240042373
"8015","feed_intake",63.8224135406047
"8083","feed_intake",63.8702118354211
"8145","feed_intake",54.7960070556612
"8146","feed_intake",63.5600926111315
"8154","feed_intake",51.5584219218972
"9010","feed_intake",56.6691531912463
"9012","feed_intake",57.5081068006858
"2007","feed_duration",20579.8930632255
"2051","feed_duration",21279.1694760288
"2063","feed_duration",20595.6160673322
"3067","feed_duration",20766.1434647445
"3117","feed_duration",21036.2150931945
"3131","feed_duration",19841.3010250827
"3150","feed_duration",23970.6916602563
"4001","feed_duration",19419.9451050015
"4008","feed_duration",20137.897820175
"4026","feed_duration",22834.2859589112
"4044","feed_duration",18857.7970566925
"4057","feed_duration",23819.2657939138
"4072","feed_duration",19272.0107665551
"4080","feed_duration",19800.7267715655
"5005","feed_duration",21603.769022498
"5041","feed_duration",24661.5303763066
"5042","feed_duration",18627.7940809097
"5061","feed_duration",20683.3914655339
"5064","feed_duration",20891.6331230264
"5096","feed_duration",18239.1505638402
"5100","feed_duration",21978.0665462016
"5118","feed_duration",23169.1715312756
"5120","feed_duration",21793.6896430287
"5123","feed_duration",24853.9752032403
"5124","feed_duration",24370.092423851
"5133","feed_duration",21019.9767239358
"5135","feed_duration",20304.9662018796
"5137","feed_duration",18404.2127223923
"5139","feed_duration",20506.7874811152
"5140","feed_duration",19311.9310389042
"5145","feed_duration",17871.2851719481
"6004","feed_duration",20962.0144089288
"6005","feed_duration",21117.6035019582
"6011","feed_duration",22904.5404387163
"6022","feed_duration",23210.9262477824
"6025","feed_duration",21678.4633565972
"6027","feed_duration",22608.0394192135
"6028","feed_duration",22739.1639801847
"6029","feed_duration",20912.4975621837
"6033","feed_duration",20142.1890120447
"6041","feed_duration",23196.378431411
"6043","feed_duration",18975.387943264
"6050","feed_duration",20658.4773990231
"6055","feed_duration",19959.4351558281
"6062","feed_duration",22620.6657772223
"6067","feed_duration",21662.8761492231
"6068","feed_duration",24028.9760145733
"6069","feed_duration",20277.0212483844
"6079","feed_duration",20813.9777797855
"6084","feed_duration",21981.2729226947
"6086","feed_duration",21313.6491391189
"6087","feed_duration",22559.2458375032
"6090","feed_duration",17708.5107642937
"6092","feed_duration",22576.1462669087
"6093","feed_duration",24326.5780315614
"6096","feed_duration",23560.8919331389
"6125","feed_duration",21196.406346417
"6126","feed_duration",21678.1079340806
"6129","feed_duration",21376.3491247748
"6130","feed_duration",22975.2970837722
"6131","feed_duration",20822.8417581156
"6134","feed_duration",20748.9468324372
"7010","feed_duration",20993.3629190759
"7018","feed_duration",21998.0664422514
"7019","feed_duration",19965.2094522346
"7022","feed_duration",23810.5348032847
"7023","feed_duration",22771.4285350502
"7024","feed_duration",18346.6742437422
"7025","feed_duration",24218.0776933182
"7027","feed_duration",20736.0568070013
"7029","feed_duration",18892.3809506954
"7030","feed_duration",18526.5426921844
"7033","feed_duration",20055.0063692747
"7039","feed_duration",18971.5929439528
"7043","feed_duration",21535.4070807614
"7045","feed_duration",19696.1207053142
"7048","feed_duration",19799.1048343716
"7051","feed_duration",21715.1344076456
"7060","feed_duration",24760.8645347028
"7064","feed_duration",20571.2156631609
"7065","feed_duration",24133.370192264
"7068","feed_duration",23291.5076803518
"7078","feed_duration",20558.8190289637
"7109","feed_duration",19306.471142055
"7110","feed_duration",18790.4344219028
"7114","feed_duration",25717.5224855193
"7115","feed_duration",22492.0417530923
"7116","feed_duration",21101.0352810986
"7119","feed_duration",21352.6439480282
"7128","feed_duration",17670.5238755898
"7136","feed_duration",22485.2026372736
"7138","feed_duration",23140.9149027969
"7139","feed_duration",20784.7809896634
"7143","feed_duration",20681.0448663533
"7146","feed_duration",20492.1025805791
"7150","feed_duration",23166.1272940666
"7153","feed_duration",21982.0820076346
"7159","feed_duration",23314.4748431912
"7163","feed_duration",20707.9554851947
"7169","feed_duration",20724.8270052354
"8015","feed_duration",20998.6645171701
"8083","feed_duration",20431.3853102268
"8145","feed_duration",18053.4354335271
"8146","feed_duration",21577.558393187
"8154","feed_duration",21783.0800300029
"9010","feed_duration",19323.9397688038
"9012","feed_duration",20053.1216984866
"2007","feed_visits",76.8364041641714
"2051","feed_visits",71.0239196395949
"2063","feed_visits",117.918383714094
"3067","feed_visits",58.0887758489415
"3117","feed_visits",94.7557927093771
"3131","feed_visits",99.5345440608081
"3150","feed_visits",68.6299414849941
"4001","feed_visits",156.895421833412
"4008","feed_visits",128.893274704371
"4026","feed_visits",78.9678805017964
"4044","feed_visits",95.632623316468
"4057","feed_visits",75.1718455034255
"4072","feed_visits",105.926648801719
"4080","feed_visits",104.744573494026
"5005","feed_visits",38.7669043559102
"5041","feed_visits",139.167166176492
"5042","feed_visits",205.625204217444
"5061","feed_visits",91.8038055796991
"5064","feed_visits",82.0500475777949
"5096","feed_visits",84.6841898417753
"5100","feed_visits",126.371099255133
"5118","feed_visits",75.3679063134271
"5120","feed_visits",89.568259409406
"5123","feed_visits",99.9226911585663
"5124","feed_visits",97.5253442249679
"5133","feed_visits",107.805098251078
"5135","feed_visits",100.480286778379
"5137","feed_visits",90.1586658541138
"5139","feed_visits",66.3255381074079
"5140","feed_visits",133.724367599458
"5145","feed_visits",125.263369590167
"6004","feed_visits",55.5924221980988
"6005","feed_visits",118.178648157223
"6011","feed_visits",186.62546684352
"6022","feed_visits",100.164996450997
"6025","feed_visits",74.2168309292953
"6027","feed_visits",136.838417888492
"6028","feed_visits",114.374680690434
"6029","feed_visits",74.2338636718515
"6033","feed_visits",104.708400403335
"6041","feed_visits",102.791617331482
"6043","feed_visits",60.5482790988469
"6050","feed_visits",88.0043026805839
"6055","feed_visits",131.167701395139
"6062","feed_visits",91.8436407889191
"6067","feed_visits",82.9368953897231
"6068","feed_visits",102.232687204511
"6069","feed_visits",105.133569532982
"6079","feed_visits",97.8020851406152
"6084","feed_visits",72.4659469069307
"6086","feed_visits",64.0869177226286
"6087","feed_visits",60.3437814255084
"6090","feed_visits",104.958613713338
"6092","feed_visits",101.790526796129
"6093","feed_visits",135.275872899634
"6096","feed_visits",80.7596718089985
"6125","feed_visits",51.2234636171521
"6126","feed_visits",90.1788310603917
"6129","feed_visits",66.9952830165369
"6130","feed_visits",118.934939176102
"6131","feed_visits",81.6491212043554
"6134","feed_visits",111.585382092841
"7010","feed_visits",83.7561650181859
"7018","feed_visits",103.836781347326
"7019","feed_visits",113.258875441091
"7022","feed_visits",98.954048489555
"7023","feed_visits",106.09921135044
"7024","feed_visits",84.4673898827223
"7025","feed_visits",93.4751890582433
"7027","feed_visits",197.802729234137
"7029","feed_visits",96.0583913270183
"7030","feed_visits",166.754518461628
"7033","feed_visits",111.03906210476
"7039","feed_visits",126.619868127954
"7043","feed_visits",76.425540897898
"7045","feed_visits",75.5381088626806
"7048","feed_visits",83.3521859537388
"7051","feed_visits",98.275825513353
"7060","feed_visits",102.038659951755
"7064","feed_visits",66.4390543148668
"7065","feed_visits",74.6600323605573
"7068","feed_visits",78.8462093135166
"7078","feed_visits",92.1078538845107
"7109","feed_visits",109.123429723212
"7110","feed_visits",70.2818858837197
"7114","feed_visits",112.369534485164
"7115","feed_visits",110.142061321287
"7116","feed_visits",63.7359500325746
"7119","feed_visits",77.6795732177567
"7128","feed_visits",103.408953626382
"7136","feed_visits",78.3934034268318
"7138","feed_visits",137.04165630851
"7139","feed_visits",87.2249583746052
"7143","feed_visits",64.6175912602592
"7146","feed_visits",94.7185959794599
"7150","feed_visits",98.07672405434
"7153","feed_visits",70.3319317515247
"7159","feed_visits",97.3779652813833
"7163","feed_visits",131.156050395794
"7169","feed_visits",113.206685019097
"8015","feed_visits",64.1100096486135
"8083","feed_visits",93.3004556571318
"8145","feed_visits",77.2069388390301
"8146","feed_visits",73.194389120408
"8154","feed_visits",90.2417703131745
"9010","feed_visits",91.2889809731808
"9012","feed_visits",91.9271156713881
"2007","water_intake",59.9741659669333
"2051","water_intake",46.4129798979614
"2063","water_intake",40.0428324947831
"3067","water_intake",64.4233556551402
"3117","water_intake",58.0516737745329
"3131","water_intake",55.6723534932594
"3150","water_intake",72.634317827674
"4001","water_intake",52.1255365804911
"4008","water_intake",56.3106628372619
"4026","water_intake",60.7049509154918
"4044","water_intake",57.3363274544167
"4057","water_intake",84.622901573527
"4072","water_intake",49.8607313620063
"4080","water_intake",53.6624750881617
"5005","water_intake",21.3069296301782
"5041","water_intake",58.0653951634212
"5042","water_intake",61.5713446132814
"5061","water_intake",70.2071936232008
"5064","water_intake",66.0209543926881
"5096","water_intake",38.3331476280447
"5100","water_intake",52.5832300922604
"5118","water_intake",65.0278191846927
"5120","water_intake",58.9728964214851
"5123","water_intake",94.156523221737
"5124","water_intake",40.8504171729911
"5133","water_intake",58.6882249231332
"5135","water_intake",58.8411626331667
"5137","water_intake",46.9604675056804
"5139","water_intake",55.1703785325915
"5140","water_intake",41.4611694915242
"5145","water_intake",56.7831551020138
"6004","water_intake",45.6261022341305
"6005","water_intake",68.6874467476013
"6011","water_intake",61.7445870008805
"6022","water_intake",95.8842828672595
"6025","water_intake",97.2871178162478
"6027","water_intake",63.7534066281138
"6028","water_intake",72.4616329871435
"6029","water_intake",71.3566997513991
"6033","water_intake",29.6628902299619
"6041","water_intake",63.5969010198729
"6043","water_intake",43.2982555165503
"6050","water_intake",50.4530964133508
"6055","water_intake",43.8070942312981
"6062","water_intake",78.1713298713725
"6067","water_intake",62.5370410128791
"6068","water_intake",61.5304998286329
"6069","water_intake",65.0791699602741
"6079","water_intake",70.5917857313368
"6084","water_intake",73.9661925103036
"6086","water_intake",49.1599451781851
"6087","water_intake",48.3480588938909
"6090","water_intake",47.1860917063848
"6092","water_intake",65.1770156327266
"6093","water_intake",74.2037594974114
"6096","water_intake",86.2679839373338
"6125","water_intake",42.0371950123108
"6126","water_intake",59.597795045587
"6129","water_intake",64.3393323839149
"6130","water_intake",49.800991892785
"6131","water_intake",68.8897975085421
"6134","water_intake",76.7635575823251
"7010","water_intake",62.890152120176
"7018","water_intake",50.7019464798313
"7019","water_intake",70.2750545876196
"7022","water_intake",73.4954455932233
"7023","water_intake",51.5800262839364
"7024","water_intake",53.911344901055
"7025","water_intake",68.4267287882626
"7027","water_intake",64.4743989536177
"7029","water_intake",55.6398766070284
"7030","water_intake",67.2854632524266
"7033","water_intake",55.0161019297696
"7039","water_intake",50.1947091274707
"7043","water_intake",63.6576938250449
"7045","water_intake",67.0970864840539
"7048","water_intake",61.9366858654347
"7051","water_intake",67.9908371765064
"7060","water_intake",51.1244106668487
"7064","water_intake",60.4500951160944
"7065","water_intake",54.3927874816426
"7068","water_intake",67.375944462996
"7078","water_intake",70.2269202480142
"7109","water_intake",59.7024940539115
"7110","water_intake",56.8974262031516
"7114","water_intake",73.596361350371
"7115","water_intake",59.046606488452
"7116","water_intake",49.157152087176
"7119","water_intake",55.6990377189721
"7128","water_intake",63.4444329978237
"7136","water_intake",68.7786611079271
"7138","water_intake",67.6593128559949
"7139","water_intake",67.3960221187692
"7143","water_intake",55.2718194605712
"7146","water_intake",44.4164411528389
"7150","water_intake",50.8872743634604
"7153","water_intake",68.3597246556203
"7159","water_intake",51.6574490172837
"7163","water_intake",59.7358942614091
"7169","water_intake",23.9988080600765
"8015","water_intake",50.9957260801045
"8083","water_intake",58.6638593561014
"8145","water_intake",54.6941762440727
"8146","water_intake",71.1956658348904
"8154","water_intake",34.4529892662152
"9010","water_intake",43.4036443127993
"9012","water_intake",49.7617851997889
"2007","water_duration",480.485592813972
"2051","water_duration",1098.72867416919
"2063","water_duration",928.740882762127
"3067","water_duration",322.851107429065
"3117","water_duration",413.90349804846
"3131","water_duration",806.671332385262
"3150","water_duration",709.577570436487
"4001","water_duration",595.05057879897
"4008","water_duration",709.696048680954
"4026","water_duration",702.063677285501
"4044","water_duration",395.034381886598
"4057","water_duration",754.865727730574
"4072","water_duration",711.648537574946
"4080","water_duration",755.163876673165
"5005","water_duration",795.775158862653
"5041","water_duration",1201.47830033518
"5042","water_duration",824.955881429966
"5061","water_duration",651.197015455826
"5064","water_duration",727.100055117207
"5096","water_duration",590.141793345398
"5100","water_duration",425.170413470522
"5118","water_duration",1063.74627039958
"5120","water_duration",743.939042800272
"5123","water_duration",539.142624317149
"5124","water_duration",1215.27383052717
"5133","water_duration",503.328841884539
"5135","water_duration",433.128353481934
"5137","water_duration",387.274825361947
"5139","water_duration",405.170030762364
"5140","water_duration",600.784273200474
"5145","water_duration",387.685290910381
"6004","water_duration",422.311627588282
"6005","water_duration",580.343069599531
"6011","water_duration",465.619793511663
"6022","water_duration",921.580099301719
"6025","water_duration",1677.97402032477
"6027","water_duration",529.698150847031
"6028","water_duration",938.70357026535
"6029","water_duration",790.56033448844
"6033","water_duration",666.342926720817
"6041","water_duration",347.919655282788
"6043","water_duration",495.382462891124
"6050","water_duration",831.869464381075
"6055","water_duration",367.973253155885
"6062","water_duration",864.525980219963
"6067","water_duration",906.513517893902
"6068","water_duration",997.267633683926
"6069","water_duration",1180.39438026103
"6079","water_duration",645.686710334217
"6084","water_duration",533.013204191098
"6086","water_duration",430.186908397419
"6087","water_duration",541.352656047249
"6090","water_duration",695.911056062428
"6092","water_duration",828.505815139031
"6093","water_duration",797.062154468567
"6096","water_duration",655.36168128915
"6125","water_duration",697.634061879032
"6126","water_duration",1281.60113260675
"6129","water_duration",326.126367150095
"6130","water_duration",710.404670611736
"6131","water_duration",408.05987695721
"6134","water_duration",676.881871896882
"7010","water_duration",611.883541911363
"7018","water_duration",359.740546292378
"7019","water_duration",368.717390703543
"7022","water_duration",809.537877210187
"7023","water_duration",386.016080263906
"7024","water_duration",588.819761948231
"7025","water_duration",431.322200031379
"7027","water_duration",445.82797970327
"7029","water_duration",719.994543946322
"7030","water_duration",429.898421373324
"7033","water_duration",1153.50979950198
"7039","water_duration",579.411595729753
"7043","water_duration",542.797032628865
"7045","water_duration",582.152530037795
"7048","water_duration",616.428317237813
"7051","water_duration",628.194244840959
"7060","water_duration",640.812637576375
"7064","water_duration",672.011698196972
"7065","water_duration",505.445914211206
"7068","water_duration",672.846765534738
"7078","water_duration",622.69476396495
"7109","water_duration",325.202979332511
"7110","water_duration",840.021307444811
"7114","water_duration",895.959247724723
"7115","water_duration",397.104257941283
"7116","water_duration",486.132489193534
"7119","water_duration",727.861821387804
"7128","water_duration",851.629691942492
"7136","water_duration",566.224786484684
"7138","water_duration",812.594245774866
"7139","water_duration",680.445945609286
"7143","water_duration",1179.19013173007
"7146","water_duration",861.548335607934
"7150","water_duration",2101.88676917378
"7153","water_duration",993.745754370751
"7159","water_duration",603.068679869473
"7163","water_duration",915.187316290363
"7169","water_duration",1272.98243810455
"8015","water_duration",695.50329715153
"8083","water_duration",673.009560769719
"8145","water_duration",614.571276501203
"8146","water_duration",654.631267830759
"8154","water_duration",1087.69011978331
"9010","water_duration",523.169749408048
"9012","water_duration",780.628749535166
"2007","water_visits",9.63996366972739
"2051","water_visits",11.5381383455377
"2063","water_visits",8.53445479535114
"3067","water_visits",5.57986781146032
"3117","water_visits",6.78471877951064
"3131","water_visits",10.3970510987117
"3150","water_visits",11.1717976826549
"4001","water_visits",9.2551504275804
"4008","water_visits",8.99064562561046
"4026","water_visits",6.35885017559388
"4044","water_visits",7.71253877768522
"4057","water_visits",12.7095883003321
"4072","water_visits",11.875925480905
"4080","water_visits",12.7748384088538
"5005","water_visits",7.70989682478444
"5041","water_visits",9.90923064821923
"5042","water_visits",11.874511051861
"5061","water_visits",9.91260957930731
"5064","water_visits",8.48652692059791
"5096","water_visits",6.41577315423404
"5100","water_visits",9.50353432996237
"5118","water_visits",7.03330578290165
"5120","water_visits",8.99973101647869
"5123","water_visits",11.3136514784719
"5124","water_visits",17.1725146731092
"5133","water_visits",7.49702395034835
"5135","water_visits",8.58335643363739
"5137","water_visits",9.98135340671683
"5139","water_visits",7.79633398662003
"5140","water_visits",9.96525763522181
"5145","water_visits",8.28359451495192
"6004","water_visits",5.95990669371421
"6005","water_visits",7.51157516211796
"6011","water_visits",7.00175411998397
"6022","water_visits",12.3144726042116
"6025","water_visits",11.7493849093812
"6027","water_visits",11.1822273709191
"6028","water_visits",9.07975664922495
"6029","water_visits",7.93295023361204
"6033","water_visits",10.5863061790582
"6041","water_visits",7.61224418865649
"6043","water_visits",6.22555215115784
"6050","water_visits",8.2764978614617
"6055","water_visits",9.53149865154741
"6062","water_visits",12.4912439052591
"6067","water_visits",10.8762768931737
"6068","water_visits",9.64091836921676
"6069","water_visits",9.19675063692555
"6079","water_visits",8.80222368855144
"6084","water_visits",7.60611291069593
"6086","water_visits",5.97101235368333
"6087","water_visits",6.8202016640355
"6090","water_visits",11.6170987036451
"6092","water_visits",10.7072621362606
"6093","water_visits",7.7994043341399
"6096","water_visits",6.01520111196365
"6125","water_visits",4.64508986179923
"6126","water_visits",17.5680779326498
"6129","water_visits",6.00557837937462
"6130","water_visits",9.07553599437538
"6131","water_visits",8.7172621499086
"6134","water_visits",9.94380985987341
"7010","water_visits",8.06875626834862
"7018","water_visits",8.71079008931244
"7019","water_visits",7.06734932347308
"7022","water_visits",14.0916536734576
"7023","water_visits",6.70850274041618
"7024","water_visits",6.71306858746408
"7025","water_visits",6.32794372668079
"7027","water_visits",9.71557354128474
"7029","water_visits",11.6709162110123
"7030","water_visits",7.25874471381466
"7033","water_visits",16.1841971445672
"7039","water_visits",10.3748399438778
"7043","water_visits",8.26208903895399
"7045","water_visits",9.0882807352856
"7048","water_visits",7.58431580994545
"7051","water_visits",9.3957987438857
"7060","water_visits",8.02848052726091
"7064","water_visits",6.23862347372235
"7065","water_visits",8.94598365600549
"7068","water_visits",7.71103326317149
"7078","water_visits",9.02436755473688
"7109","water_visits",7.06469215893146
"7110","water_visits",7.66886802292311
"7114","water_visits",7.02156427342891
"7115","water_visits",6.375402634654
"7116","water_visits",11.6660070276404
"7119","water_visits",7.57800332646424
"7128","water_visits",6.7753936160078
"7136","water_visits",8.93354801983186
"7138","water_visits",9.94314581425493
"7139","water_visits",7.3558156277163
"7143","water_visits",11.5336230346365
"7146","water_visits",11.3780080879259
"7150","water_visits",22.2661641086404
"7153","water_visits",7.53616059754481
"7159","water_visits",7.17495860767275
"7163","water_visits",8.22164867720341
"7169","water_visits",12.3884133771681
"8015","water_visits",12.9051983719354
"8083","water_visits",7.58080848121145
"8145","water_visits",8.38297783604057
"8146","water_visits",8.18800463620034
"8154","water_visits",16.6227450012446
"9010","water_visits",6.90845795079611
"9012","water_visits",7.61747624433685
"2007","total_meals",6.92655772065102
"2051","total_meals",6.214141567419
"2063","total_meals",5.6981055390813
"3067","total_meals",5.95504985563363
"3117","total_meals",4.5297726096788
"3131","total_meals",5.50736487365965
"3150","total_meals",8.42764435616971
"4001","total_meals",6.39472997119057
"4008","total_meals",5.93327395494353
"4026","total_meals",7.52841484096809
"4044","total_meals",5.51533283946051
"4057","total_meals",6.20101578560603
"4072","total_meals",6.88913196774342
"4080","total_meals",8.68849492572881
"5005","total_meals",5.28961352252904
"5041","total_meals",7.29054863154758
"5042","total_meals",5.6347473002701
"5061","total_meals",4.93308593918426
"5064","total_meals",5.59968795662429
"5096","total_meals",8.53830178065058
"5100","total_meals",7.80080055447519
"5118","total_meals",4.94744256124428
"5120","total_meals",5.7654455088363
"5123","total_meals",4.86417404614342
"5124","total_meals",6.11480507264858
"5133","total_meals",5.16711216980028
"5135","total_meals",5.43081553498369
"5137","total_meals",5.04828958773049
"5139","total_meals",6.42283703772466
"5140","total_meals",6.9787569054649
"5145","total_meals",7.08907525081381
"6004","total_meals",5.24713395695087
"6005","total_meals",6.81219175885291
"6011","total_meals",7.27814671451414
"6022","total_meals",9.14391889377319
"6025","total_meals",7.38530859014561
"6027","total_meals",6.18433531961282
"6028","total_meals",6.34845015700596
"6029","total_meals",6.14730615884784
"6033","total_meals",5.49787983082914
"6041","total_meals",6.17928101690041
"6043","total_meals",5.80954017315388
"6050","total_meals",5.47615781407495
"6055","total_meals",7.64083900568767
"6062","total_meals",7.46773086318942
"6067","total_meals",7.54036478546847
"6068","total_meals",6.11004244591658
"6069","total_meals",5.47466900890631
"6079","total_meals",6.40432530482991
"6084","total_meals",5.45281167806391
"6086","total_meals",4.70123448628058
"6087","total_meals",5.27064840076021
"6090","total_meals",5.5259370660946
"6092","total_meals",5.25172552380823
"6093","total_meals",7.24343428566968
"6096","total_meals",5.31926182795269
"6125","total_meals",6.5636024921311
"6126","total_meals",6.71482337840768
"6129","total_meals",5.69382490702698
"6130","total_meals",5.49760353867493
"6131","total_meals",6.20114606041762
"6134","total_meals",8.84992466785427
"7010","total_meals",6.55154545378602
"7018","total_meals",6.43137937407917
"7019","total_meals",5.70886698718349
"7022","total_meals",5.97384325777009
"7023","total_meals",6.78769472471159
"7024","total_meals",7.02965852668527
"7025","total_meals",6.99033104531925
"7027","total_meals",6.57081616305614
"7029","total_meals",6.01004628082084
"7030","total_meals",6.21825963308914
"7033","total_meals",6.92795795924939
"7039","total_meals",5.56177865077243
"7043","total_meals",4.83921182918765
"7045","total_meals",6.10524360462336
"7048","total_meals",6.56608039849978
"7051","total_meals",6.1580691824899
"7060","total_meals",5.78942502214132
"7064","total_meals",6.59776650675119
"7065","total_meals",7.51682354379427
"7068","total_meals",5.77221617766697
"7078","total_meals",6.50681652790085
"7109","total_meals",8.6993961217551
"7110","total_meals",5.64001961510205
"7114","total_meals",7.01623275773624
"7115","total_meals",5.54690645134584
"7116","total_meals",6.0623548256775
"7119","total_meals",5.123850435729
"7128","total_meals",6.23777008208286
"7136","total_meals",7.1971119661548
"7138","total_meals",6.4828815890722
"7139","total_meals",7.36244924318377
"7143","total_meals",6.03582667949619
"7146","total_meals",6.02216592019198
"7150","total_meals",7.16081197170703
"7153","total_meals",6.6342848444062
"7159","total_meals",6.49207223520591
"7163","total_meals",5.88116283491244
"7169","total_meals",5.35033496105828
"8015","total_meals",6.42239313829787
"8083","total_meals",5.59762666909773
"8145","total_meals",5.74421819173572
"8146","total_meals",5.17869348737071
"8154","total_meals",6.40833701057815
"9010","total_meals",5.79131483640992
"9012","total_meals",6.69839700619194
"2007","median_meal_duration",3318.61521289318
"2051","median_meal_duration",3871.5312765143
"2063","median_meal_duration",4764.36684005586
"3067","median_meal_duration",3729.2894195433
"3117","median_meal_duration",5114.54074542775
"3131","median_meal_duration",4436.84082504663
"3150","median_meal_duration",3231.51135805065
"4001","median_meal_duration",3691.21571873107
"4008","median_meal_duration",4322.0660928315
"4026","median_meal_duration",3469.21813618085
"4044","median_meal_duration",4421.51665843478
"4057","median_meal_duration",4561.21507856855
"4072","median_meal_duration",3366.22165297113
"4080","median_meal_duration",2630.86921391981
"5005","median_meal_duration",3520.8882089719
"5041","median_meal_duration",4532.51530650942
"5042","median_meal_duration",5520.29596948632
"5061","median_meal_duration",5252.22048790007
"5064","median_meal_duration",4629.0320249355
"5096","median_meal_duration",2598.1861835473
"5100","median_meal_duration",3504.19132413558
"5118","median_meal_duration",5865.5682220858
"5120","median_meal_duration",4406.16661950059
"5123","median_meal_duration",6077.561442332
"5124","median_meal_duration",4676.02177454548
"5133","median_meal_duration",4727.46188995285
"5135","median_meal_duration",4328.32055179318
"5137","median_meal_duration",4432.26859604622
"5139","median_meal_duration",3190.50931735939
"5140","median_meal_duration",3736.26206678583
"5145","median_meal_duration",3081.34416587724
"6004","median_meal_duration",4177.5151102849
"6005","median_meal_duration",4060.43501074526
"6011","median_meal_duration",4052.03172549776
"6022","median_meal_duration",3095.90601414558
"6025","median_meal_duration",3533.66523716238
"6027","median_meal_duration",4519.42769640186
"6028","median_meal_duration",4408.04076936155
"6029","median_meal_duration",4239.81925481295
"6033","median_meal_duration",4610.22586155205
"6041","median_meal_duration",4343.83241374348
"6043","median_meal_duration",3451.30527511582
"6050","median_meal_duration",4411.40153264256
"6055","median_meal_duration",3286.76786838443
"6062","median_meal_duration",3637.2284216772
"6067","median_meal_duration",3392.37483345953
"6068","median_meal_duration",4649.71066855417
"6069","median_meal_duration",4879.63644830735
"6079","median_meal_duration",3709.66586491229
"6084","median_meal_duration",4303.61892416952
"6086","median_meal_duration",5147.92009185225
"6087","median_meal_duration",4561.91190842689
"6090","median_meal_duration",3855.09462233702
"6092","median_meal_duration",5288.17757561952
"6093","median_meal_duration",4307.94971765714
"6096","median_meal_duration",5336.6644106166
"6125","median_meal_duration",3263.90848261412
"6126","median_meal_duration",3485.3458478212
"6129","median_meal_duration",4070.26261948063
"6130","median_meal_duration",5393.5232973757
"6131","median_meal_duration",4070.49468282854
"6134","median_meal_duration",2720.59126054182
"7010","median_meal_duration",3577.11674165252
"7018","median_meal_duration",3985.35154513889
"7019","median_meal_duration",4145.76733072771
"7022","median_meal_duration",4569.91250015175
"7023","median_meal_duration",3923.48198712685
"7024","median_meal_duration",2911.04710813192
"7025","median_meal_duration",4016.01604105183
"7027","median_meal_duration",4684.91065184456
"7029","median_meal_duration",3583.60725617051
"7030","median_meal_duration",4003.86556684333
"7033","median_meal_duration",3495.92990650957
"7039","median_meal_duration",4183.56507091104
"7043","median_meal_duration",4623.50876672231
"7045","median_meal_duration",3752.92967901025
"7048","median_meal_duration",3812.21403690011
"7051","median_meal_duration",3937.76835833558
"7060","median_meal_duration",5322.29738268033
"7064","median_meal_duration",3444.68436096027
"7065","median_meal_duration",3279.65181186472
"7068","median_meal_duration",4474.24526940015
"7078","median_meal_duration",3810.85972534258
"7109","median_meal_duration",2613.58341494217
"7110","median_meal_duration",3906.69485740385
"7114","median_meal_duration",4664.18324765439
"7115","median_meal_duration",4762.27421092097
"7116","median_meal_duration",3911.37842129069
"7119","median_meal_duration",5020.85384382439
"7128","median_meal_duration",3756.98052270057
"7136","median_meal_duration",3608.03903501201
"7138","median_meal_duration",4670.70230107061
"7139","median_meal_duration",3651.73384102638
"7143","median_meal_duration",4101.89050974763
"7146","median_meal_duration",4050.10873801906
"7150","median_meal_duration",4169.21921150554
"7153","median_meal_duration",3547.17553871888
"7159","median_meal_duration",4275.11787828056
"7163","median_meal_duration",4643.80748533496
"7169","median_meal_duration",5249.47626176242
"8015","median_meal_duration",3706.87663699458
"8083","median_meal_duration",4516.77997401217
"8145","median_meal_duration",3727.83771963551
"8146","median_meal_duration",5126.29019486966
"8154","median_meal_duration",4064.71830229896
"9010","median_meal_duration",3786.87559238817
"9012","median_meal_duration",3605.4820430141
"2007","median_visit_per_meal",9.80363032251305
"2051","median_visit_per_meal",9.55495323437521
"2063","median_visit_per_meal",16.0314536246433
"3067","median_visit_per_meal",8.00650833079187
"3117","median_visit_per_meal",16.8221643725381
"3131","median_visit_per_meal",14.6973306481124
"3150","median_visit_per_meal",5.98532407592937
"4001","median_visit_per_meal",19.1432737826156
"4008","median_visit_per_meal",17.1164622464537
"4026","median_visit_per_meal",8.30265748105282
"4044","median_visit_per_meal",15.2611909742661
"4057","median_visit_per_meal",10.0811649768372
"4072","median_visit_per_meal",12.7846012362352
"4080","median_visit_per_meal",9.41115940015156
"5005","median_visit_per_meal",5.04308014887203
"5041","median_visit_per_meal",15.4588242851506
"5042","median_visit_per_meal",30.5357123126939
"5061","median_visit_per_meal",16.6404644292081
"5064","median_visit_per_meal",12.8570755184578
"5096","median_visit_per_meal",8.07945197080521
"5100","median_visit_per_meal",12.243375928679
"5118","median_visit_per_meal",12.2566703105251
"5120","median_visit_per_meal",12.4896575454433
"5123","median_visit_per_meal",16.3520371152577
"5124","median_visit_per_meal",11.8873608499698
"5133","median_visit_per_meal",16.8446155715703
"5135","median_visit_per_meal",15.0912649153699
"5137","median_visit_per_meal",15.208840765181
"5139","median_visit_per_meal",7.67818138532744
"5140","median_visit_per_meal",16.1657439623607
"5145","median_visit_per_meal",14.6525166937813
"6004","median_visit_per_meal",8.11639496964063
"6005","median_visit_per_meal",14.8370019628627
"6011","median_visit_per_meal",20.2585132997227
"6022","median_visit_per_meal",8.34503332997938
"6025","median_visit_per_meal",7.88961288843925
"6027","median_visit_per_meal",17.3448285412155
"6028","median_visit_per_meal",14.6265478775425
"6029","median_visit_per_meal",9.83409210029989
"6033","median_visit_per_meal",15.5344455451513
"6041","median_visit_per_meal",13.5739911884742
"6043","median_visit_per_meal",8.31079415517911
"6050","median_visit_per_meal",12.8836333655037
"6055","median_visit_per_meal",14.046635654243
"6062","median_visit_per_meal",9.93870725377262
"6067","median_visit_per_meal",7.93509757034678
"6068","median_visit_per_meal",13.5177116669776
"6069","median_visit_per_meal",15.8781694381236
"6079","median_visit_per_meal",11.5618838757085
"6084","median_visit_per_meal",10.3470231767725
"6086","median_visit_per_meal",11.5185016677956
"6087","median_visit_per_meal",9.01311329711864
"6090","median_visit_per_meal",15.2511990320089
"6092","median_visit_per_meal",16.4892029711445
"6093","median_visit_per_meal",14.3652993162864
"6096","median_visit_per_meal",12.1754839583574
"6125","median_visit_per_meal",5.74164104848243
"6126","median_visit_per_meal",9.79986706716299
"6129","median_visit_per_meal",9.49713599494977
"6130","median_visit_per_meal",17.8370347352415
"6131","median_visit_per_meal",10.8639699585969
"6134","median_visit_per_meal",9.78949250771773
"7010","median_visit_per_meal",10.2547194142735
"7018","median_visit_per_meal",13.571725083718
"7019","median_visit_per_meal",15.1245251410252
"7022","median_visit_per_meal",13.2445033580092
"7023","median_visit_per_meal",12.8157590691995
"7024","median_visit_per_meal",9.43056352445915
"7025","median_visit_per_meal",10.2943024492604
"7027","median_visit_per_meal",25.1172223547983
"7029","median_visit_per_meal",13.031076373908
"7030","median_visit_per_meal",21.5809685910921
"7033","median_visit_per_meal",12.414262045128
"7039","median_visit_per_meal",18.7988742389208
"7043","median_visit_per_meal",11.5504185755223
"7045","median_visit_per_meal",10.2514382202402
"7048","median_visit_per_meal",10.5138160363078
"7051","median_visit_per_meal",12.6192304307217
"7060","median_visit_per_meal",14.2498154579573
"7064","median_visit_per_meal",7.8022571821286
"7065","median_visit_per_meal",7.50918667945007
"7068","median_visit_per_meal",10.3046594559789
"7078","median_visit_per_meal",11.0949732814889
"7109","median_visit_per_meal",9.62871186496715
"7110","median_visit_per_meal",10.2050350630945
"7114","median_visit_per_meal",13.37607792484
"7115","median_visit_per_meal",16.8166770320074
"7116","median_visit_per_meal",8.30353225370242
"7119","median_visit_per_meal",11.9534445072408
"7128","median_visit_per_meal",13.7567502246233
"7136","median_visit_per_meal",8.9933913433691
"7138","median_visit_per_meal",17.2726227439185
"7139","median_visit_per_meal",9.83434633816181
"7143","median_visit_per_meal",8.79322317378747
"7146","median_visit_per_meal",12.8350756976848
"7150","median_visit_per_meal",10.6659305683645
"7153","median_visit_per_meal",7.64377815656588
"7159","median_visit_per_meal",12.1157218931649
"7163","median_visit_per_meal",19.5144865912651
"7169","median_visit_per_meal",17.5698326432666
"8015","median_visit_per_meal",7.77799632987018
"8083","median_visit_per_meal",13.6225270620267
"8145","median_visit_per_meal",11.5867848843405
"8146","median_visit_per_meal",12.1369460342779
"8154","median_visit_per_meal",11.0550420260953
"9010","median_visit_per_meal",13.147410485224
"9012","median_visit_per_meal",11.2672860845414
"2007","median_intake_per_meal",8.08608135266127
"2051","median_intake_per_meal",7.75722717232563
"2063","median_intake_per_meal",7.78306290255428
"3067","median_intake_per_meal",9.61180728390813
"3117","median_intake_per_meal",11.538065167152
"3131","median_intake_per_meal",8.78463242838019
"3150","median_intake_per_meal",5.85665196626622
"4001","median_intake_per_meal",7.54814088932001
"4008","median_intake_per_meal",8.18218167433816
"4026","median_intake_per_meal",5.88598660495508
"4044","median_intake_per_meal",9.39168424899912
"4057","median_intake_per_meal",7.78518371426486
"4072","median_intake_per_meal",7.57663749365577
"4080","median_intake_per_meal",5.64945840258623
"5005","median_intake_per_meal",6.91891056037768
"5041","median_intake_per_meal",7.1645020762964
"5042","median_intake_per_meal",10.4325623587666
"5061","median_intake_per_meal",10.3554596986287
"5064","median_intake_per_meal",9.33018184026836
"5096","median_intake_per_meal",4.93083915848595
"5100","median_intake_per_meal",5.69409209094626
"5118","median_intake_per_meal",9.78364121398401
"5120","median_intake_per_meal",9.54638541966173
"5123","median_intake_per_meal",12.6353882165479
"5124","median_intake_per_meal",7.30387761489604
"5133","median_intake_per_meal",9.88597773197909
"5135","median_intake_per_meal",10.4101088639404
"5137","median_intake_per_meal",10.4362129169749
"5139","median_intake_per_meal",7.47892703600699
"5140","median_intake_per_meal",7.09018044189249
"5145","median_intake_per_meal",7.43615965433577
"6004","median_intake_per_meal",9.15867099336536
"6005","median_intake_per_meal",8.32035590689315
"6011","median_intake_per_meal",6.73938370574896
"6022","median_intake_per_meal",7.00867633154328
"6025","median_intake_per_meal",7.62775609244469
"6027","median_intake_per_meal",8.70294274604004
"6028","median_intake_per_meal",8.45829161300832
"6029","median_intake_per_meal",9.53309226095998
"6033","median_intake_per_meal",7.91212931024836
"6041","median_intake_per_meal",8.552687254943
"6043","median_intake_per_meal",7.68162203475863
"6050","median_intake_per_meal",8.5445088731566
"6055","median_intake_per_meal",6.09560695409541
"6062","median_intake_per_meal",7.8237100886246
"6067","median_intake_per_meal",7.27875921172055
"6068","median_intake_per_meal",9.08577395924548
"6069","median_intake_per_meal",9.24313204139436
"6079","median_intake_per_meal",8.198971176469
"6084","median_intake_per_meal",9.50310641654861
"6086","median_intake_per_meal",9.67297229555408
"6087","median_intake_per_meal",8.37207368475865
"6090","median_intake_per_meal",8.13856759894533
"6092","median_intake_per_meal",9.68793723809318
"6093","median_intake_per_meal",7.79838168107297
"6096","median_intake_per_meal",9.68822789371358
"6125","median_intake_per_meal",5.33136745719131
"6126","median_intake_per_meal",7.77777911388539
"6129","median_intake_per_meal",8.48002491518595
"6130","median_intake_per_meal",9.27390776241366
"6131","median_intake_per_meal",8.56779109924173
"6134","median_intake_per_meal",6.55792158341616
"7010","median_intake_per_meal",9.01306313750943
"7018","median_intake_per_meal",7.72007276500203
"7019","median_intake_per_meal",8.35751801340886
"7022","median_intake_per_meal",8.99559657876325
"7023","median_intake_per_meal",7.69918081227294
"7024","median_intake_per_meal",7.63548248827639
"7025","median_intake_per_meal",8.01244307353052
"7027","median_intake_per_meal",9.60561657240533
"7029","median_intake_per_meal",8.57002287481839
"7030","median_intake_per_meal",8.91393802412045
"7033","median_intake_per_meal",6.78390151447863
"7039","median_intake_per_meal",9.29303368455849
"7043","median_intake_per_meal",9.59806956391962
"7045","median_intake_per_meal",8.55160423798236
"7048","median_intake_per_meal",8.54833251188301
"7051","median_intake_per_meal",8.62215158754092
"7060","median_intake_per_meal",7.44186551679391
"7064","median_intake_per_meal",8.44321545333165
"7065","median_intake_per_meal",7.00325220723762
"7068","median_intake_per_meal",9.5450639882559
"7078","median_intake_per_meal",8.74729649394757
"7109","median_intake_per_meal",5.26249565632163
"7110","median_intake_per_meal",9.60151681537361
"7114","median_intake_per_meal",7.93823497383915
"7115","median_intake_per_meal",8.81980631600281
"7116","median_intake_per_meal",7.84688861421373
"7119","median_intake_per_meal",8.99688230864283
"7128","median_intake_per_meal",7.9309401398373
"7136","median_intake_per_meal",7.37726869060323
"7138","median_intake_per_meal",7.61234824903973
"7139","median_intake_per_meal",7.41188880819641
"7143","median_intake_per_meal",8.23944432340766
"7146","median_intake_per_meal",7.72760168420737
"7150","median_intake_per_meal",6.81283767937725
"7153","median_intake_per_meal",7.18587447866207
"7159","median_intake_per_meal",7.58130778144822
"7163","median_intake_per_meal",9.09492852611965
"7169","median_intake_per_meal",8.98883429239746
"8015","median_intake_per_meal",7.66071173517165
"8083","median_intake_per_meal",8.91802140074369
"8145","median_intake_per_meal",7.58814773691629
"8146","median_intake_per_meal",10.0024432392749
"8154","median_intake_per_meal",5.53445562027228
"9010","median_intake_per_meal",7.29484292982983
"9012","median_intake_per_meal",6.03759168335901
"2007","median_feeding_pct_per_meal",83.5912089723476
"2051","median_feeding_pct_per_meal",89.8654520029482
"2063","median_feeding_pct_per_meal",73.5696187221942
"3067","median_feeding_pct_per_meal",92.0091591931166
"3117","median_feeding_pct_per_meal",85.6934325142589
"3131","median_feeding_pct_per_meal",76.6870037894457
"3150","median_feeding_pct_per_meal",92.4992954004864
"4001","median_feeding_pct_per_meal",72.2486314186372
"4008","median_feeding_pct_per_meal",73.274333294898
"4026","median_feeding_pct_per_meal",83.1385153320469
"4044","median_feeding_pct_per_meal",74.7518003099543
"4057","median_feeding_pct_per_meal",90.1561692385433
"4072","median_feeding_pct_per_meal",79.7655555367024
"4080","median_feeding_pct_per_meal",79.8128739626664
"5005","median_feeding_pct_per_meal",96.092519165603
"5041","median_feeding_pct_per_meal",81.2381562506638
"5042","median_feeding_pct_per_meal",57.2075543561041
"5061","median_feeding_pct_per_meal",83.2176602632626
"5064","median_feeding_pct_per_meal",80.9385790423819
"5096","median_feeding_pct_per_meal",77.311731592273
"5100","median_feeding_pct_per_meal",77.5661506805616
"5118","median_feeding_pct_per_meal",82.0252982409996
"5120","median_feeding_pct_per_meal",84.9441046751473
"5123","median_feeding_pct_per_meal",84.0709134872196
"5124","median_feeding_pct_per_meal",84.8462884751808
"5133","median_feeding_pct_per_meal",83.898951241576
"5135","median_feeding_pct_per_meal",80.1414636940545
"5137","median_feeding_pct_per_meal",76.7304767537142
"5139","median_feeding_pct_per_meal",89.4325121013572
"5140","median_feeding_pct_per_meal",70.9833819236819
"5145","median_feeding_pct_per_meal",72.6460271608053
"6004","median_feeding_pct_per_meal",91.7046502346782
"6005","median_feeding_pct_per_meal",79.9153906304704
"6011","median_feeding_pct_per_meal",79.2218831839459
"6022","median_feeding_pct_per_meal",85.4075114547721
"6025","median_feeding_pct_per_meal",85.5066302779272
"6027","median_feeding_pct_per_meal",79.5439232088106
"6028","median_feeding_pct_per_meal",81.0169059297855
"6029","median_feeding_pct_per_meal",77.64650661662
"6033","median_feeding_pct_per_meal",75.0887227379462
"6041","median_feeding_pct_per_meal",88.2641721778187
"6043","median_feeding_pct_per_meal",89.2187565004012
"6050","median_feeding_pct_per_meal",81.6282476949875
"6055","median_feeding_pct_per_meal",77.0999178155133
"6062","median_feeding_pct_per_meal",85.4598904112068
"6067","median_feeding_pct_per_meal",81.366366450915
"6068","median_feeding_pct_per_meal",87.2729898934705
"6069","median_feeding_pct_per_meal",73.2254957964056
"6079","median_feeding_pct_per_meal",83.2805924023515
"6084","median_feeding_pct_per_meal",92.4667307884231
"6086","median_feeding_pct_per_meal",89.3345847262964
"6087","median_feeding_pct_per_meal",92.3474942394288
"6090","median_feeding_pct_per_meal",73.4948151393458
"6092","median_feeding_pct_per_meal",85.5542436225284
"6093","median_feeding_pct_per_meal",80.9475714240748
"6096","median_feeding_pct_per_meal",87.0640919035955
"6125","median_feeding_pct_per_meal",90.5601208421666
"6126","median_feeding_pct_per_meal",83.3159464678658
"6129","median_feeding_pct_per_meal",88.1017957848111
"6130","median_feeding_pct_per_meal",79.1617411657444
"6131","median_feeding_pct_per_meal",83.7535343080623
"6134","median_feeding_pct_per_meal",82.5723404179457
"7010","median_feeding_pct_per_meal",88.6293400168539
"7018","median_feeding_pct_per_meal",87.0868474823463
"7019","median_feeding_pct_per_meal",74.2896987503204
"7022","median_feeding_pct_per_meal",86.9516834007361
"7023","median_feeding_pct_per_meal",87.2545325478901
"7024","median_feeding_pct_per_meal",82.5497538919102
"7025","median_feeding_pct_per_meal",92.2064762012715
"7027","median_feeding_pct_per_meal",66.3215675974413
"7029","median_feeding_pct_per_meal",79.7365682756621
"7030","median_feeding_pct_per_meal",67.4972533713522
"7033","median_feeding_pct_per_meal",77.8416784665137
"7039","median_feeding_pct_per_meal",77.0808087393693
"7043","median_feeding_pct_per_meal",87.8829044172128
"7045","median_feeding_pct_per_meal",81.9946694362445
"7048","median_feeding_pct_per_meal",78.5351117026945
"7051","median_feeding_pct_per_meal",88.2084838270072
"7060","median_feeding_pct_per_meal",83.3330461097409
"7064","median_feeding_pct_per_meal",85.5124929197728
"7065","median_feeding_pct_per_meal",96.1898514833705
"7068","median_feeding_pct_per_meal",90.4464084538517
"7078","median_feeding_pct_per_meal",80.9124985327552
"7109","median_feeding_pct_per_meal",76.3064417172817
"7110","median_feeding_pct_per_meal",79.8822405365874
"7114","median_feeding_pct_per_meal",85.9173614653771
"7115","median_feeding_pct_per_meal",86.3545272170685
"7116","median_feeding_pct_per_meal",86.5646324191422
"7119","median_feeding_pct_per_meal",83.5379480542416
"7128","median_feeding_pct_per_meal",69.9228041960051
"7136","median_feeding_pct_per_meal",86.93442005582
"7138","median_feeding_pct_per_meal",77.5079302790067
"7139","median_feeding_pct_per_meal",80.7517378736235
"7143","median_feeding_pct_per_meal",84.760224135234
"7146","median_feeding_pct_per_meal",81.6911361714602
"7150","median_feeding_pct_per_meal",76.1507312285013
"7153","median_feeding_pct_per_meal",86.9162746652499
"7159","median_feeding_pct_per_meal",84.6628171209893
"7163","median_feeding_pct_per_meal",75.7111654928559
"7169","median_feeding_pct_per_meal",73.0371599345477
"8015","median_feeding_pct_per_meal",87.5574299775091
"8083","median_feeding_pct_per_meal",78.6009650613791
"8145","median_feeding_pct_per_meal",81.638757204763
"8146","median_feeding_pct_per_meal",81.7738846062419
"8154","median_feeding_pct_per_meal",78.6600077545785
"9010","median_feeding_pct_per_meal",80.7876697595694
"9012","median_feeding_pct_per_meal",76.7617250174168
"2007","number_of_non_nutritive_visits",27.034801936308
"2051","number_of_non_nutritive_visits",27.8757983558538
"2063","number_of_non_nutritive_visits",65.8926631025892
"3067","number_of_non_nutritive_visits",14.3422023692105
"3117","number_of_non_nutritive_visits",42.6747711172347
"3131","number_of_non_nutritive_visits",42.9514849619824
"3150","number_of_non_nutritive_visits",25.3331955582353
"4001","number_of_non_nutritive_visits",107.113260197175
"4008","number_of_non_nutritive_visits",72.110364207417
"4026","number_of_non_nutritive_visits",36.1250171974212
"4044","number_of_non_nutritive_visits",46.2463114091112
"4057","number_of_non_nutritive_visits",32.958054732874
"4072","number_of_non_nutritive_visits",52.6527080976718
"4080","number_of_non_nutritive_visits",57.2001021089175
"5005","number_of_non_nutritive_visits",11.3499400473027
"5041","number_of_non_nutritive_visits",79.3569055131378
"5042","number_of_non_nutritive_visits",161.710309642783
"5061","number_of_non_nutritive_visits",37.3182044982161
"5064","number_of_non_nutritive_visits",33.4844507163267
"5096","number_of_non_nutritive_visits",40.4692266403186
"5100","number_of_non_nutritive_visits",74.3094017550833
"5118","number_of_non_nutritive_visits",25.2424165093946
"5120","number_of_non_nutritive_visits",33.5004980180871
"5123","number_of_non_nutritive_visits",41.7195457970377
"5124","number_of_non_nutritive_visits",48.918346613425
"5133","number_of_non_nutritive_visits",53.3067740351194
"5135","number_of_non_nutritive_visits",38.6603047873723
"5137","number_of_non_nutritive_visits",35.0788574059551
"5139","number_of_non_nutritive_visits",20.8288929447666
"5140","number_of_non_nutritive_visits",76.96217518226
"5145","number_of_non_nutritive_visits",65.1203480875073
"6004","number_of_non_nutritive_visits",13.7776250646317
"6005","number_of_non_nutritive_visits",57.4975879450847
"6011","number_of_non_nutritive_visits",131.331818098708
"6022","number_of_non_nutritive_visits",37.9304334603225
"6025","number_of_non_nutritive_visits",27.4292168977287
"6027","number_of_non_nutritive_visits",76.2770202304031
"6028","number_of_non_nutritive_visits",50.5330661679756
"6029","number_of_non_nutritive_visits",21.2913199767911
"6033","number_of_non_nutritive_visits",58.6297590916398
"6041","number_of_non_nutritive_visits",49.6863210444435
"6043","number_of_non_nutritive_visits",22.2436320608697
"6050","number_of_non_nutritive_visits",36.4869252426407
"6055","number_of_non_nutritive_visits",76.8510767816805
"6062","number_of_non_nutritive_visits",38.3916336456881
"6067","number_of_non_nutritive_visits",31.0546338509497
"6068","number_of_non_nutritive_visits",47.9096406525518
"6069","number_of_non_nutritive_visits",38.2882652642261
"6079","number_of_non_nutritive_visits",40.8031111065052
"6084","number_of_non_nutritive_visits",23.6281184186834
"6086","number_of_non_nutritive_visits",23.1788886368849
"6087","number_of_non_nutritive_visits",22.1933359634943
"6090","number_of_non_nutritive_visits",48.8904685232519
"6092","number_of_non_nutritive_visits",51.6712845643687
"6093","number_of_non_nutritive_visits",72.9956743886317
"6096","number_of_non_nutritive_visits",31.1108527670882
"6125","number_of_non_nutritive_visits",20.4652757752892
"6126","number_of_non_nutritive_visits",35.7362740562102
"6129","number_of_non_nutritive_visits",20.7050873659135
"6130","number_of_non_nutritive_visits",62.5618616704217
"6131","number_of_non_nutritive_visits",26.3827649426256
"6134","number_of_non_nutritive_visits",48.5828140592584
"7010","number_of_non_nutritive_visits",28.8513921164003
"7018","number_of_non_nutritive_visits",49.8740515502568
"7019","number_of_non_nutritive_visits",57.6231770502851
"7022","number_of_non_nutritive_visits",43.2041001020486
"7023","number_of_non_nutritive_visits",48.0238481377902
"7024","number_of_non_nutritive_visits",29.6024437558748
"7025","number_of_non_nutritive_visits",39.6571128392813
"7027","number_of_non_nutritive_visits",134.970709078454
"7029","number_of_non_nutritive_visits",34.7433899762133
"7030","number_of_non_nutritive_visits",109.446616672763
"7033","number_of_non_nutritive_visits",55.7230658495719
"7039","number_of_non_nutritive_visits",66.1354873326091
"7043","number_of_non_nutritive_visits",32.350463559365
"7045","number_of_non_nutritive_visits",24.0330207466317
"7048","number_of_non_nutritive_visits",30.3530657151098
"7051","number_of_non_nutritive_visits",40.5038979547749
"7060","number_of_non_nutritive_visits",52.300138970537
"7064","number_of_non_nutritive_visits",21.4329695843986
"7065","number_of_non_nutritive_visits",28.8515066019466
"7068","number_of_non_nutritive_visits",31.8179399630248
"7078","number_of_non_nutritive_visits",39.5221602656749
"7109","number_of_non_nutritive_visits",56.9663164313908
"7110","number_of_non_nutritive_visits",22.1598798069665
"7114","number_of_non_nutritive_visits",54.2770303970651
"7115","number_of_non_nutritive_visits",59.4237849658987
"7116","number_of_non_nutritive_visits",23.7735052980689
"7119","number_of_non_nutritive_visits",36.3224160428176
"7128","number_of_non_nutritive_visits",55.8047358186158
"7136","number_of_non_nutritive_visits",30.2223767895412
"7138","number_of_non_nutritive_visits",83.9167212571611
"7139","number_of_non_nutritive_visits",36.1361549081941
"7143","number_of_non_nutritive_visits",18.8092824946652
"7146","number_of_non_nutritive_visits",41.3605832940224
"7150","number_of_non_nutritive_visits",45.9500276890471
"7153","number_of_non_nutritive_visits",25.363329702438
"7159","number_of_non_nutritive_visits",44.2410423696752
"7163","number_of_non_nutritive_visits",71.0077593047336
"7169","number_of_non_nutritive_visits",57.4305629333597
"8015","number_of_non_nutritive_visits",23.0061334360706
"8083","number_of_non_nutritive_visits",43.1303847668309
"8145","number_of_non_nutritive_visits",35.84783666064
"8146","number_of_non_nutritive_visits",29.5686484740041
"8154","number_of_non_nutritive_visits",51.9297526003617
"9010","number_of_non_nutritive_visits",47.6016642931366
"9012","number_of_non_nutritive_visits",45.1864446730304
"2007","median_pct_feed_remaining",30.0361140265432
"2051","median_pct_feed_remaining",32.4841816384197
"2063","median_pct_feed_remaining",40.2780521416352
"3067","median_pct_feed_remaining",30.0853191650291
"3117","median_pct_feed_remaining",45.6010329031844
"3131","median_pct_feed_remaining",37.276955439102
"3150","median_pct_feed_remaining",39.8604445059625
"4001","median_pct_feed_remaining",30.5369863875103
"4008","median_pct_feed_remaining",33.0961745208201
"4026","median_pct_feed_remaining",33.3035591255788
"4044","median_pct_feed_remaining",43.1949803617368
"4057","median_pct_feed_remaining",34.1007660882548
"4072","median_pct_feed_remaining",36.3855753372358
"4080","median_pct_feed_remaining",34.7826554006129
"5005","median_pct_feed_remaining",42.2079590366083
"5041","median_pct_feed_remaining",26.3476120695954
"5042","median_pct_feed_remaining",41.0878551108473
"5061","median_pct_feed_remaining",43.4326307681858
"5064","median_pct_feed_remaining",38.0646906297428
"5096","median_pct_feed_remaining",37.2056319885193
"5100","median_pct_feed_remaining",27.4567378402507
"5118","median_pct_feed_remaining",38.7586098556433
"5120","median_pct_feed_remaining",30.6830193770156
"5123","median_pct_feed_remaining",38.6165556129055
"5124","median_pct_feed_remaining",33.7851834159809
"5133","median_pct_feed_remaining",34.5630929166896
"5135","median_pct_feed_remaining",43.0069042579893
"5137","median_pct_feed_remaining",34.9876174758754
"5139","median_pct_feed_remaining",35.9882672643591
"5140","median_pct_feed_remaining",41.0897812929927
"5145","median_pct_feed_remaining",32.9232072778981
"6004","median_pct_feed_remaining",26.6973053008715
"6005","median_pct_feed_remaining",44.0072475645579
"6011","median_pct_feed_remaining",35.9683118011254
"6022","median_pct_feed_remaining",25.6989239916163
"6025","median_pct_feed_remaining",43.3015970007002
"6027","median_pct_feed_remaining",29.0591987544292
"6028","median_pct_feed_remaining",26.1436349767444
"6029","median_pct_feed_remaining",39.1882373322743
"6033","median_pct_feed_remaining",45.6498387685845
"6041","median_pct_feed_remaining",28.4083821667348
"6043","median_pct_feed_remaining",42.5039234819754
"6050","median_pct_feed_remaining",30.6497885309183
"6055","median_pct_feed_remaining",28.4334555367644
"6062","median_pct_feed_remaining",34.9651660099603
"6067","median_pct_feed_remaining",28.4769767455897
"6068","median_pct_feed_remaining",29.6298952624881
"6069","median_pct_feed_remaining",33.1614309480882
"6079","median_pct_feed_remaining",34.5777169662191
"6084","median_pct_feed_remaining",33.9608546122442
"6086","median_pct_feed_remaining",38.8677589226413
"6087","median_pct_feed_remaining",40.8202037675251
"6090","median_pct_feed_remaining",41.3014509963826
"6092","median_pct_feed_remaining",38.3911347228438
"6093","median_pct_feed_remaining",38.6279584356252
"6096","median_pct_feed_remaining",38.5272136419486
"6125","median_pct_feed_remaining",46.7589856596593
"6126","median_pct_feed_remaining",32.2240345017252
"6129","median_pct_feed_remaining",39.028393045643
"6130","median_pct_feed_remaining",24.7877408747301
"6131","median_pct_feed_remaining",39.9865578291436
"6134","median_pct_feed_remaining",28.2414649595835
"7010","median_pct_feed_remaining",32.3154808866432
"7018","median_pct_feed_remaining",23.7182036680784
"7019","median_pct_feed_remaining",41.9797206626974
"7022","median_pct_feed_remaining",38.1763099204763
"7023","median_pct_feed_remaining",39.6024134586513
"7024","median_pct_feed_remaining",29.6290427575357
"7025","median_pct_feed_remaining",24.4784424937568
"7027","median_pct_feed_remaining",30.7595755746269
"7029","median_pct_feed_remaining",28.5420825365959
"7030","median_pct_feed_remaining",36.0026745765048
"7033","median_pct_feed_remaining",36.9074116605039
"7039","median_pct_feed_remaining",22.5699380292693
"7043","median_pct_feed_remaining",44.9879460954761
"7045","median_pct_feed_remaining",27.2885046238905
"7048","median_pct_feed_remaining",40.357139051109
"7051","median_pct_feed_remaining",23.7796686712801
"7060","median_pct_feed_remaining",38.3532041560778
"7064","median_pct_feed_remaining",31.5982467777431
"7065","median_pct_feed_remaining",31.2907953845337
"7068","median_pct_feed_remaining",38.877555269234
"7078","median_pct_feed_remaining",24.808130266899
"7109","median_pct_feed_remaining",38.9419469251331
"7110","median_pct_feed_remaining",43.6892511496039
"7114","median_pct_feed_remaining",30.6230642918456
"7115","median_pct_feed_remaining",37.8409139047184
"7116","median_pct_feed_remaining",39.755727514491
"7119","median_pct_feed_remaining",43.2268519376737
"7128","median_pct_feed_remaining",44.096126574097
"7136","median_pct_feed_remaining",39.1171711282395
"7138","median_pct_feed_remaining",37.6308012592213
"7139","median_pct_feed_remaining",33.5040864031639
"7143","median_pct_feed_remaining",35.9722951030528
"7146","median_pct_feed_remaining",36.0083355306836
"7150","median_pct_feed_remaining",40.6039240283071
"7153","median_pct_feed_remaining",34.227286312806
"7159","median_pct_feed_remaining",31.0713466348146
"7163","median_pct_feed_remaining",35.6645044553971
"7169","median_pct_feed_remaining",28.3761206766402
"8015","median_pct_feed_remaining",33.5521922132073
"8083","median_pct_feed_remaining",34.8473561845493
"8145","median_pct_feed_remaining",45.16135845535
"8146","median_pct_feed_remaining",46.3163504526742
"8154","median_pct_feed_remaining",43.6298805035706
"9010","median_pct_feed_remaining",41.5084619034904
"9012","median_pct_feed_remaining",41.3835591474342
"2007","median_non_nutritive_per_meal",2.91916449525704
"2051","median_non_nutritive_per_meal",3.5143162429258
"2063","median_non_nutritive_per_meal",8.34399681641135
"3067","median_non_nutritive_per_meal",1.74327729377485
"3117","median_non_nutritive_per_meal",7.22298921186051
"3131","median_non_nutritive_per_meal",6.04553321921672
"3150","median_non_nutritive_per_meal",2.25548874942635
"4001","median_non_nutritive_per_meal",12.0516484108251
"4008","median_non_nutritive_per_meal",9.20580095461239
"4026","median_non_nutritive_per_meal",3.43489458287168
"4044","median_non_nutritive_per_meal",6.64479152456922
"4057","median_non_nutritive_per_meal",4.0871420380837
"4072","median_non_nutritive_per_meal",5.87338669023957
"4080","median_non_nutritive_per_meal",4.80177943626253
"5005","median_non_nutritive_per_meal",1.62486564128369
"5041","median_non_nutritive_per_meal",7.99440155884234
"5042","median_non_nutritive_per_meal",22.3178127272735
"5061","median_non_nutritive_per_meal",6.46287860035935
"5064","median_non_nutritive_per_meal",4.80377169488483
"5096","median_non_nutritive_per_meal",3.65986510372979
"5100","median_non_nutritive_per_meal",6.7874966548981
"5118","median_non_nutritive_per_meal",3.8071377136759
"5120","median_non_nutritive_per_meal",4.24191822873492
"5123","median_non_nutritive_per_meal",6.27656658740892
"5124","median_non_nutritive_per_meal",5.59346395051647
"5133","median_non_nutritive_per_meal",7.88167854243918
"5135","median_non_nutritive_per_meal",5.57221874554759
"5137","median_non_nutritive_per_meal",5.62218762825059
"5139","median_non_nutritive_per_meal",2.26699263849057
"5140","median_non_nutritive_per_meal",8.98572492276394
"5145","median_non_nutritive_per_meal",7.13148977693051
"6004","median_non_nutritive_per_meal",1.9466726871974
"6005","median_non_nutritive_per_meal",6.68666553676088
"6011","median_non_nutritive_per_meal",13.1972132788453
"6022","median_non_nutritive_per_meal",3.02515319489193
"6025","median_non_nutritive_per_meal",2.95541070420526
"6027","median_non_nutritive_per_meal",8.76937174992295
"6028","median_non_nutritive_per_meal",6.11225052562261
"6029","median_non_nutritive_per_meal",2.70864388712761
"6033","median_non_nutritive_per_meal",8.40456762020768
"6041","median_non_nutritive_per_meal",6.01725280084467
"6043","median_non_nutritive_per_meal",2.96543057992651
"6050","median_non_nutritive_per_meal",4.87825256449526
"6055","median_non_nutritive_per_meal",7.42689405802478
"6062","median_non_nutritive_per_meal",3.95611133939153
"6067","median_non_nutritive_per_meal",2.9412018821612
"6068","median_non_nutritive_per_meal",6.05786443371167
"6069","median_non_nutritive_per_meal",5.40093873102855
"6079","median_non_nutritive_per_meal",4.27553022620182
"6084","median_non_nutritive_per_meal",3.24525747677195
"6086","median_non_nutritive_per_meal",3.95075900926914
"6087","median_non_nutritive_per_meal",3.07398253517461
"6090","median_non_nutritive_per_meal",6.57773263789721
"6092","median_non_nutritive_per_meal",7.75111120332879
"6093","median_non_nutritive_per_meal",7.77770740609188
"6096","median_non_nutritive_per_meal",4.4646077131477
"6125","median_non_nutritive_per_meal",2.33844582261505
"6126","median_non_nutritive_per_meal",3.55190530246739
"6129","median_non_nutritive_per_meal",2.81917805170249
"6130","median_non_nutritive_per_meal",9.17734099940367
"6131","median_non_nutritive_per_meal",3.4215237167941
"6134","median_non_nutritive_per_meal",3.93301784423677
"7010","median_non_nutritive_per_meal",3.2057714889323
"7018","median_non_nutritive_per_meal",6.03680577254121
"7019","median_non_nutritive_per_meal",7.71286648339252
"7022","median_non_nutritive_per_meal",5.58941433170585
"7023","median_non_nutritive_per_meal",5.51574154757191
"7024","median_non_nutritive_per_meal",2.92209481825982
"7025","median_non_nutritive_per_meal",3.96388245482681
"7027","median_non_nutritive_per_meal",16.5289068465418
"7029","median_non_nutritive_per_meal",4.42454897985853
"7030","median_non_nutritive_per_meal",13.8570260481653
"7033","median_non_nutritive_per_meal",5.90441662382604
"7039","median_non_nutritive_per_meal",9.19002443290045
"7043","median_non_nutritive_per_meal",4.5002960293961
"7045","median_non_nutritive_per_meal",2.99130178411181
"7048","median_non_nutritive_per_meal",3.53230041635418
"7051","median_non_nutritive_per_meal",4.55470149298811
"7060","median_non_nutritive_per_meal",6.95954581689159
"7064","median_non_nutritive_per_meal",2.30958807465607
"7065","median_non_nutritive_per_meal",2.8704480166945
"7068","median_non_nutritive_per_meal",4.07290515852134
"7078","median_non_nutritive_per_meal",4.32267417334038
"7109","median_non_nutritive_per_meal",4.8504547480996
"7110","median_non_nutritive_per_meal",3.05218011159371
"7114","median_non_nutritive_per_meal",6.00517988661923
"7115","median_non_nutritive_per_meal",8.54212193316594
"7116","median_non_nutritive_per_meal",2.91895767247657
"7119","median_non_nutritive_per_meal",5.63968833493379
"7128","median_non_nutritive_per_meal",7.15276477762109
"7136","median_non_nutritive_per_meal",3.16010876651099
"7138","median_non_nutritive_per_meal",10.2950810104206
"7139","median_non_nutritive_per_meal",3.95379518449305
"7143","median_non_nutritive_per_meal",2.21308053312962
"7146","median_non_nutritive_per_meal",5.46591227421262
"7150","median_non_nutritive_per_meal",4.76941700702776
"7153","median_non_nutritive_per_meal",2.62837811537091
"7159","median_non_nutritive_per_meal",5.3821301411811
"7163","median_non_nutritive_per_meal",10.3443406083541
"7169","median_non_nutritive_per_meal",8.35099857519453
"8015","median_non_nutritive_per_meal",2.56884164634892
"8083","median_non_nutritive_per_meal",5.8450275388385
"8145","median_non_nutritive_per_meal",5.30553616283806
"8146","median_non_nutritive_per_meal",4.34930610264807
"8154","median_non_nutritive_per_meal",6.50089914064196
"9010","median_non_nutritive_per_meal",6.94099213899598
"9012","median_non_nutritive_per_meal",5.53798823516622
"2007","total_actor",25.8814644571459
"2051","total_actor",21.5638450477668
"2063","total_actor",28.522970909965
"3067","total_actor",11.4991859726217
"3117","total_actor",16.8292567327628
"3131","total_actor",10.5444132732045
"3150","total_actor",23.276545772883
"4001","total_actor",31.2558887110282
"4008","total_actor",15.4911998000047
"4026","total_actor",23.0946332854788
"4044","total_actor",16.0857188947531
"4057","total_actor",12.5628137495179
"4072","total_actor",31.4354316171751
"4080","total_actor",27.3393543080213
"5005","total_actor",10.1708487439664
"5041","total_actor",38.3304123926823
"5042","total_actor",48.7270564422211
"5061","total_actor",34.412373663844
"5064","total_actor",19.4612700556638
"5096","total_actor",26.7999551430531
"5100","total_actor",25.8493850760613
"5118","total_actor",13.5801903055518
"5120","total_actor",37.8040037542673
"5123","total_actor",35.6889780812388
"5124","total_actor",35.8945671692843
"5133","total_actor",44.1026969439293
"5135","total_actor",26.9466952922013
"5137","total_actor",21.1808366684895
"5139","total_actor",25.7052451267621
"5140","total_actor",25.5433362649538
"5145","total_actor",17.011183059788
"6004","total_actor",17.5664536103748
"6005","total_actor",29.2562549448826
"6011","total_actor",36.324818278469
"6022","total_actor",34.3064821032035
"6025","total_actor",17.6298546451014
"6027","total_actor",32.4749725525972
"6028","total_actor",55.3435680777676
"6029","total_actor",22.373871305032
"6033","total_actor",33.3147427792153
"6041","total_actor",22.3441378836777
"6043","total_actor",38.7940531649185
"6050","total_actor",37.4366475943242
"6055","total_actor",17.4942597502798
"6062","total_actor",15.8809105197716
"6067","total_actor",30.1611138252093
"6068","total_actor",30.9932492923454
"6069","total_actor",42.4147110970521
"6079","total_actor",22.2581622479729
"6084","total_actor",29.6458964445473
"6086","total_actor",18.7200718907942
"6087","total_actor",22.3933452079675
"6090","total_actor",8.41299582795869
"6092","total_actor",12.9756065018027
"6093","total_actor",28.6761900622
"6096","total_actor",12.7888948733603
"6125","total_actor",19.7340263680211
"6126","total_actor",25.2448457848457
"6129","total_actor",21.0866014604097
"6130","total_actor",21.397453757505
"6131","total_actor",17.531724072924
"6134","total_actor",47.6713234452481
"7010","total_actor",42.808231695178
"7018","total_actor",33.8391454489354
"7019","total_actor",36.8299269986531
"7022","total_actor",37.2740297760454
"7023","total_actor",29.3932998259415
"7024","total_actor",9.29418665798772
"7025","total_actor",11.1638584243008
"7027","total_actor",35.4382086606116
"7029","total_actor",20.3585150667093
"7030","total_actor",26.6245836164042
"7033","total_actor",14.501320400649
"7039","total_actor",13.8807938589811
"7043","total_actor",21.7976150886512
"7045","total_actor",14.1144071546304
"7048","total_actor",24.6646830952445
"7051","total_actor",20.8707496357001
"7060","total_actor",16.3080106766387
"7064","total_actor",7.01379380135713
"7065","total_actor",23.8083711856261
"7068","total_actor",9.11701437762535
"7078","total_actor",21.4331677416144
"7109","total_actor",11.2581391914203
"7110","total_actor",28.3419515528374
"7114","total_actor",20.698830551456
"7115","total_actor",26.1344571678733
"7116","total_actor",19.8639286688741
"7119","total_actor",35.7006444626531
"7128","total_actor",16.4151465477018
"7136","total_actor",19.9415752433196
"7138","total_actor",41.3801211124702
"7139","total_actor",13.3630885436276
"7143","total_actor",21.2752548495044
"7146","total_actor",33.966556643781
"7150","total_actor",33.7930446554827
"7153","total_actor",17.3911780096638
"7159","total_actor",30.3443294935843
"7163","total_actor",53.0013092453546
"7169","total_actor",45.6568872760097
"8015","total_actor",31.2053279372707
"8083","total_actor",14.9223888521203
"8145","total_actor",22.0910113223524
"8146","total_actor",7.73644577142239
"8154","total_actor",17.8492067544605
"9010","total_actor",22.1075546469485
"9012","total_actor",11.0630241158885
"2007","total_reactor",46.2335765764417
"2051","total_reactor",36.3587727266823
"2063","total_reactor",31.8907304856874
"3067","total_reactor",34.499307135634
"3117","total_reactor",46.9337985781423
"3131","total_reactor",49.5488728570822
"3150","total_reactor",44.9111766087067
"4001","total_reactor",33.9515602154426
"4008","total_reactor",46.644641933828
"4026","total_reactor",28.898220193927
"4044","total_reactor",29.8895788977591
"4057","total_reactor",39.9253608469368
"4072","total_reactor",53.1654381728853
"4080","total_reactor",48.8636968357173
"5005","total_reactor",6.38634073306582
"5041","total_reactor",35.7511723958589
"5042","total_reactor",62.6723387860473
"5061","total_reactor",40.267221425594
"5064","total_reactor",26.7120118491459
"5096","total_reactor",20.2097607483256
"5100","total_reactor",26.5631486343421
"5118","total_reactor",33.6798171332705
"5120","total_reactor",12.5287563190689
"5123","total_reactor",55.7146558437236
"5124","total_reactor",37.3712225924934
"5133","total_reactor",63.0582335851028
"5135","total_reactor",27.2676824639696
"5137","total_reactor",41.8046511729573
"5139","total_reactor",49.7068678215987
"5140","total_reactor",57.5194689336746
"5145","total_reactor",42.7733975607951
"6004","total_reactor",26.2040945057534
"6005","total_reactor",33.4686820264694
"6011","total_reactor",35.8088704745333
"6022","total_reactor",39.3216850261666
"6025","total_reactor",34.5925019949115
"6027","total_reactor",43.0685630051069
"6028","total_reactor",33.0735538964762
"6029","total_reactor",18.2103812678623
"6033","total_reactor",28.268608744042
"6041","total_reactor",33.295361834612
"6043","total_reactor",34.5816407072686
"6050","total_reactor",29.5339864981033
"6055","total_reactor",35.9075896017461
"6062","total_reactor",46.0745681289863
"6067","total_reactor",26.4536104841205
"6068","total_reactor",32.7310325713954
"6069","total_reactor",30.2435348474692
"6079","total_reactor",36.3050476768498
"6084","total_reactor",40.3498688929608
"6086","total_reactor",34.6148726911261
"6087","total_reactor",30.1233501529785
"6090","total_reactor",41.7064443097676
"6092","total_reactor",42.2768435220792
"6093","total_reactor",37.9117167128883
"6096","total_reactor",37.4669020591373
"6125","total_reactor",9.6332002524953
"6126","total_reactor",49.8233341821585
"6129","total_reactor",28.4301184555844
"6130","total_reactor",56.295550944037
"6131","total_reactor",36.4870203002799
"6134","total_reactor",20.6137876140077
"7010","total_reactor",35.413167181349
"7018","total_reactor",55.5099271055625
"7019","total_reactor",34.0313235619688
"7022","total_reactor",46.0422789183866
"7023","total_reactor",57.7839390731505
"7024","total_reactor",35.0789446590904
"7025","total_reactor",43.5108159271823
"7027","total_reactor",51.664235741822
"7029","total_reactor",39.1877541092663
"7030","total_reactor",43.310240875764
"7033","total_reactor",52.8353721503481
"7039","total_reactor",45.670060518693
"7043","total_reactor",41.6760026415362
"7045","total_reactor",29.2047854812688
"7048","total_reactor",31.772478318281
"7051","total_reactor",55.035087569328
"7060","total_reactor",44.2778568127497
"7064","total_reactor",32.8258598826082
"7065","total_reactor",35.3529779982461
"7068","total_reactor",52.5647067706716
"7078","total_reactor",34.3288509749321
"7109","total_reactor",32.7432021635515
"7110","total_reactor",34.6902219938039
"7114","total_reactor",36.4592199413871
"7115","total_reactor",38.1466693156442
"7116","total_reactor",29.1201932832935
"7119","total_reactor",27.3598809605314
"7128","total_reactor",12.8338297068768
"7136","total_reactor",37.9586757982615
"7138","total_reactor",35.592396556937
"7139","total_reactor",30.0555264320746
"7143","total_reactor",23.3701879386976
"7146","total_reactor",44.3608186055017
"7150","total_reactor",36.6109292761592
"7153","total_reactor",34.6044011382791
"7159","total_reactor",34.330700680448
"7163","total_reactor",16.6056755319421
"7169","total_reactor",32.0746112309199
"8015","total_reactor",17.1675141902677
"8083","total_reactor",39.5939643004731
"8145","total_reactor",28.1116129575262
"8146","total_reactor",34.8136065591793
"8154","total_reactor",56.7681676169958
"9010","total_reactor",32.2452718418829
"9012","total_reactor",43.2068922561123
"2007","median_water_rate",0.16553187536301
"2051","median_water_rate",0.0297420248078417
"2063","median_water_rate",0.0434921456903035
"3067","median_water_rate",0.246293652292721
"3117","median_water_rate",0.183099872752257
"3131","median_water_rate",0.0630046704570202
"3150","median_water_rate",0.10553368028321
"4001","median_water_rate",0.0641390831699022
"4008","median_water_rate",0.0996971195083916
"4026","median_water_rate",0.0959411568218307
"4044","median_water_rate",0.182727297834282
"4057","median_water_rate",0.103363659491902
"4072","median_water_rate",0.0500974561969185
"4080","median_water_rate",0.0701437173914223
"5005","median_water_rate",0.0403004988885063
"5041","median_water_rate",0.0428741374950472
"5042","median_water_rate",0.051613014080609
"5061","median_water_rate",0.109406823770619
"5064","median_water_rate",0.0959667271941786
"5096","median_water_rate",0.0847623364218211
"5100","median_water_rate",0.152163188197558
"5118","median_water_rate",0.0405153941348513
"5120","median_water_rate",0.0884336758929161
"5123","median_water_rate",0.18147570339364
"5124","median_water_rate",0.039405811133651
"5133","median_water_rate",0.129005050048026
"5135","median_water_rate",0.150168050526628
"5137","median_water_rate",0.151529498320684
"5139","median_water_rate",0.154498925477801
"5140","median_water_rate",0.0933117924696487
"5145","median_water_rate",0.153886561335848
"6004","median_water_rate",0.143830084902549
"6005","median_water_rate",0.127812653752829
"6011","median_water_rate",0.142042084901548
"6022","median_water_rate",0.0663431750605643
"6025","median_water_rate",0.0190695822542339
"6027","median_water_rate",0.123411443963112
"6028","median_water_rate",0.06644634216568
"6029","median_water_rate",0.0962759036174623
"6033","median_water_rate",0.0669564709322594
"6041","median_water_rate",0.208393145517106
"6043","median_water_rate",0.10806437020077
"6050","median_water_rate",0.0643258986787116
"6055","median_water_rate",0.14979838891665
"6062","median_water_rate",0.0788259789292085
"6067","median_water_rate",0.0718735827195041
"6068","median_water_rate",0.0585851259491015
"6069","median_water_rate",0.0191120364204083
"6079","median_water_rate",0.121771313580246
"6084","median_water_rate",0.144337768255238
"6086","median_water_rate",0.136356138186574
"6087","median_water_rate",0.099760794322997
"6090","median_water_rate",0.0879942274669911
"6092","median_water_rate",0.0752019538608535
"6093","median_water_rate",0.0888131890249824
"6096","median_water_rate",0.12526816491826
"6125","median_water_rate",0.0668672359797069
"6126","median_water_rate",0.0481627156503073
"6129","median_water_rate",0.21635808299166
"6130","median_water_rate",0.0696197014151587
"6131","median_water_rate",0.176278606322352
"6134","median_water_rate",0.117166643342915
"7010","median_water_rate",0.113823984646598
"7018","median_water_rate",0.161284094174398
"7019","median_water_rate",0.202672159751571
"7022","median_water_rate",0.0954974977586012
"7023","median_water_rate",0.15320324088291
"7024","median_water_rate",0.0939548075235253
"7025","median_water_rate",0.170110280579134
"7027","median_water_rate",0.155739892186994
"7029","median_water_rate",0.0844744678111007
"7030","median_water_rate",0.167891460011359
"7033","median_water_rate",0.0463988339875332
"7039","median_water_rate",0.0936199383895164
"7043","median_water_rate",0.133856368957278
"7045","median_water_rate",0.123457846261028
"7048","median_water_rate",0.098948521035696
"7051","median_water_rate",0.118190838445315
"7060","median_water_rate",0.0926833921504635
"7064","median_water_rate",0.103493385142441
"7065","median_water_rate",0.121310292056145
"7068","median_water_rate",0.0867601759169281
"7078","median_water_rate",0.127648628289334
"7109","median_water_rate",0.204195925020002
"7110","median_water_rate",0.0744862912377986
"7114","median_water_rate",0.0807462700520654
"7115","median_water_rate",0.168869173922922
"7116","median_water_rate",0.125635828174387
"7119","median_water_rate",0.0773063703138206
"7128","median_water_rate",0.0784190851208197
"7136","median_water_rate",0.125444102937276
"7138","median_water_rate",0.0712983782393797
"7139","median_water_rate",0.0901138535393222
"7143","median_water_rate",0.0471408672643803
"7146","median_water_rate",0.0577844892650488
"7150","median_water_rate",0.0250042245602198
"7153","median_water_rate",0.0638963084410991
"7159","median_water_rate",0.0823036497521272
"7163","median_water_rate",0.0447472570831895
"7169","median_water_rate",0.0294317093731478
"8015","median_water_rate",0.073586235283204
"8083","median_water_rate",0.0882025943490947
"8145","median_water_rate",0.105466243235443
"8146","median_water_rate",0.0983427353352824
"8154","median_water_rate",0.0466420932132201
"9010","median_water_rate",0.101626713817888
"9012","median_water_rate",0.0550151594246164
