"cow","variable","slope"
"2007","feed_intake",7.74251048122194
"2051","feed_intake",6.30649435930544
"2063","feed_intake",5.69212223883719
"3067","feed_intake",6.76367427384436
"3117","feed_intake",5.94450766106472
"3131","feed_intake",5.76343642926596
"3150","feed_intake",5.2853731210452
"4001","feed_intake",6.59929295937194
"4008","feed_intake",7.88834354560799
"4026","feed_intake",5.93557665782217
"4044","feed_intake",6.41573856090518
"4057","feed_intake",4.60438417634318
"4072","feed_intake",5.15129432693886
"4080","feed_intake",6.18456716082015
"5005","feed_intake",8.43002814618057
"5041","feed_intake",6.04510170725783
"5042","feed_intake",5.99472080120377
"5061","feed_intake",6.23541761932417
"5064","feed_intake",7.64172454276308
"5096","feed_intake",4.37766809875358
"5100","feed_intake",6.75159107897344
"5118","feed_intake",5.76342361646372
"5120","feed_intake",8.11153375592561
"5123","feed_intake",6.25861786778715
"5124","feed_intake",6.21415003205638
"5133","feed_intake",5.9046139903396
"5135","feed_intake",6.46875767712569
"5137","feed_intake",4.90245220796481
"5139","feed_intake",6.03073152189174
"5140","feed_intake",4.23985844773784
"5145","feed_intake",5.04606174853973
"6004","feed_intake",5.85836204078731
"6005","feed_intake",4.67402151835257
"6011","feed_intake",4.13661395725918
"6022","feed_intake",6.88527713498642
"6025","feed_intake",5.69500386561955
"6027","feed_intake",7.15414215017013
"6028","feed_intake",7.04068681850938
"6029","feed_intake",8.18727930677492
"6033","feed_intake",7.32034106263083
"6041","feed_intake",5.57626558269598
"6043","feed_intake",4.25475209158448
"6050","feed_intake",5.35899512856398
"6055","feed_intake",4.45281221555305
"6062","feed_intake",6.66086340874773
"6067","feed_intake",8.41302735469969
"6068","feed_intake",7.05597842953706
"6069","feed_intake",6.86424187343813
"6079","feed_intake",9.10717337482474
"6084","feed_intake",6.58350753344156
"6086","feed_intake",6.17060910822809
"6087","feed_intake",6.42691503949621
"6090","feed_intake",6.4698289876846
"6092","feed_intake",6.30757286187501
"6093","feed_intake",5.08563761477245
"6096","feed_intake",6.1995574475478
"6125","feed_intake",5.50034708773524
"6126","feed_intake",8.46952636291609
"6129","feed_intake",5.6191302759337
"6130","feed_intake",4.8180524940161
"6131","feed_intake",4.51145739501259
"6134","feed_intake",5.30370146200724
"7010","feed_intake",5.21495685231466
"7018","feed_intake",5.17690865014562
"7019","feed_intake",7.04142157916811
"7022","feed_intake",6.19233727112614
"7023","feed_intake",4.00099055082774
"7024","feed_intake",5.66198291144983
"7025","feed_intake",6.98933288324201
"7027","feed_intake",8.64901222159576
"7029","feed_intake",7.46015891267485
"7030","feed_intake",6.11095405031463
"7033","feed_intake",6.98490882403761
"7039","feed_intake",7.13548799506546
"7043","feed_intake",3.96229588023591
"7045","feed_intake",7.67736369962077
"7048","feed_intake",7.57583498884119
"7051","feed_intake",7.17234480921531
"7060","feed_intake",5.67784110016431
"7064","feed_intake",7.93791082033944
"7065","feed_intake",5.51720400212019
"7068","feed_intake",6.9936562910936
"7078","feed_intake",6.5756264652351
"7109","feed_intake",8.67397068666199
"7110","feed_intake",6.20300690325557
"7114","feed_intake",4.4392687095685
"7115","feed_intake",6.73068113572477
"7116","feed_intake",6.40306402539632
"7119","feed_intake",6.09906631888347
"7128","feed_intake",6.03868172247914
"7136","feed_intake",6.52831707959076
"7138","feed_intake",6.20291765864866
"7139","feed_intake",4.68629276769435
"7143","feed_intake",5.42883081027701
"7146","feed_intake",3.90273311821545
"7150","feed_intake",5.73527202150664
"7153","feed_intake",7.29312543860244
"7159","feed_intake",5.02241733083433
"7163","feed_intake",6.76267380793977
"7169","feed_intake",4.67311857704531
"8015","feed_intake",4.714680562984
"8083","feed_intake",5.90095071741267
"8145","feed_intake",5.65531193540317
"8146","feed_intake",5.79190287904367
"8154","feed_intake",5.32253773971763
"9010","feed_intake",8.51558260381362
"9012","feed_intake",5.99112291344247
"2007","feed_duration",1812.2747529336
"2051","feed_duration",1389.28874334691
"2063","feed_duration",1643.75134724971
"3067","feed_duration",1592.58105752885
"3117","feed_duration",2065.41913746113
"3131","feed_duration",1381.1708475188
"3150","feed_duration",1525.87360442431
"4001","feed_duration",1603.11234212295
"4008","feed_duration",1524.32527490922
"4026","feed_duration",1982.2168458354
"4044","feed_duration",1296.38895693177
"4057","feed_duration",1286.36012974286
"4072","feed_duration",1777.22466587076
"4080","feed_duration",1420.19678640763
"5005","feed_duration",1611.8030949552
"5041","feed_duration",2010.67088749922
"5042","feed_duration",1104.42314597879
"5061","feed_duration",1620.81696331061
"5064","feed_duration",1566.17128868778
"5096","feed_duration",1388.97070264968
"5100","feed_duration",1720.56748279635
"5118","feed_duration",1612.81347555118
"5120","feed_duration",1744.19664007256
"5123","feed_duration",1788.86599872875
"5124","feed_duration",1887.1686997372
"5133","feed_duration",1717.07218685122
"5135","feed_duration",1553.54477908116
"5137","feed_duration",1251.98129184445
"5139","feed_duration",1686.737075999
"5140","feed_duration",1371.41542996384
"5145","feed_duration",1342.29890412103
"6004","feed_duration",1948.76359722677
"6005","feed_duration",1292.45040113704
"6011","feed_duration",1460.11936336143
"6022","feed_duration",1268.17139239655
"6025","feed_duration",1334.78259474117
"6027","feed_duration",2094.79139565557
"6028","feed_duration",2004.33406058622
"6029","feed_duration",1760.98916645249
"6033","feed_duration",2134.54826558632
"6041","feed_duration",1526.72400639272
"6043","feed_duration",1416.16197627028
"6050","feed_duration",1488.36679936476
"6055","feed_duration",1363.69705628622
"6062","feed_duration",1540.62231535763
"6067","feed_duration",1964.70250646403
"6068","feed_duration",1946.52916137451
"6069","feed_duration",1667.44009458657
"6079","feed_duration",1526.60271479478
"6084","feed_duration",1574.823962428
"6086","feed_duration",1719.1646161974
"6087","feed_duration",2044.83183750102
"6090","feed_duration",1629.96987412974
"6092","feed_duration",1834.95742913999
"6093","feed_duration",1572.65754353218
"6096","feed_duration",1603.64311581732
"6125","feed_duration",1881.20203772686
"6126","feed_duration",1822.6308369291
"6129","feed_duration",1608.96440428701
"6130","feed_duration",1462.72290243779
"6131","feed_duration",1528.53953666109
"6134","feed_duration",1441.36056520237
"7010","feed_duration",1443.78781392953
"7018","feed_duration",1474.1729946282
"7019","feed_duration",1409.90308325959
"7022","feed_duration",1664.84455969248
"7023","feed_duration",1422.16414920269
"7024","feed_duration",1299.4210810784
"7025","feed_duration",1429.92411019077
"7027","feed_duration",1522.07498687538
"7029","feed_duration",1775.67783160538
"7030","feed_duration",1293.52033751636
"7033","feed_duration",1127.1368478889
"7039","feed_duration",1814.43148018742
"7043","feed_duration",1773.29403896665
"7045","feed_duration",1637.93393642526
"7048","feed_duration",1560.31069436
"7051","feed_duration",1716.65250751923
"7060","feed_duration",1721.52928625427
"7064","feed_duration",1480.54112613346
"7065","feed_duration",1666.54232973107
"7068","feed_duration",1715.45049675406
"7078","feed_duration",1520.60894281924
"7109","feed_duration",1682.39187478854
"7110","feed_duration",1172.28202195679
"7114","feed_duration",1638.8987910465
"7115","feed_duration",1811.61750605244
"7116","feed_duration",1515.92824174182
"7119","feed_duration",1680.97044779146
"7128","feed_duration",1378.74492559422
"7136","feed_duration",1272.05641811098
"7138","feed_duration",1425.03235434465
"7139","feed_duration",1525.65818717353
"7143","feed_duration",1588.81649352169
"7146","feed_duration",1452.67516087726
"7150","feed_duration",1409.74920389291
"7153","feed_duration",2292.04926671164
"7159","feed_duration",1588.83198030438
"7163","feed_duration",1419.04142441975
"7169","feed_duration",1812.85180740639
"8015","feed_duration",1541.29125089033
"8083","feed_duration",1696.76150306079
"8145","feed_duration",1535.88812662228
"8146","feed_duration",1651.01083713597
"8154","feed_duration",1694.40190595686
"9010","feed_duration",1916.59259333408
"9012","feed_duration",1692.27372028601
"2007","feed_visits",0.190546239435174
"2051","feed_visits",0.200771561217607
"2063","feed_visits",0.212992008516713
"3067","feed_visits",0.214798436360639
"3117","feed_visits",0.158779263278987
"3131","feed_visits",0.187916348759407
"3150","feed_visits",0.176385962595173
"4001","feed_visits",0.224383890461478
"4008","feed_visits",0.164368308988892
"4026","feed_visits",0.221003693804205
"4044","feed_visits",0.171908343811866
"4057","feed_visits",0.183767190214181
"4072","feed_visits",0.202135553750346
"4080","feed_visits",0.171744881604915
"5005","feed_visits",0.269063715520173
"5041","feed_visits",0.261828536553696
"5042","feed_visits",0.187953370665993
"5061","feed_visits",0.21230487916683
"5064","feed_visits",0.153876379265168
"5096","feed_visits",0.180670863716409
"5100","feed_visits",0.151113331603573
"5118","feed_visits",0.168504155692175
"5120","feed_visits",0.205473172090798
"5123","feed_visits",0.189104651146891
"5124","feed_visits",0.205570246855109
"5133","feed_visits",0.157430868979726
"5135","feed_visits",0.197483566751082
"5137","feed_visits",0.192264986351613
"5139","feed_visits",0.226986738077594
"5140","feed_visits",0.152332981960778
"5145","feed_visits",0.193311547379794
"6004","feed_visits",0.267829025402629
"6005","feed_visits",0.183784511707602
"6011","feed_visits",0.197335933658843
"6022","feed_visits",0.165810653433913
"6025","feed_visits",0.175175223247805
"6027","feed_visits",0.192952439166859
"6028","feed_visits",0.240289335087193
"6029","feed_visits",0.250560819746802
"6033","feed_visits",0.183623971010952
"6041","feed_visits",0.18466975709776
"6043","feed_visits",0.166023853229794
"6050","feed_visits",0.197358530425554
"6055","feed_visits",0.172033748046436
"6062","feed_visits",0.183992587274028
"6067","feed_visits",0.214260637319932
"6068","feed_visits",0.207723078173977
"6069","feed_visits",0.19154581786494
"6079","feed_visits",0.184908032172569
"6084","feed_visits",0.218536452982071
"6086","feed_visits",0.192267168404442
"6087","feed_visits",0.25466600450878
"6090","feed_visits",0.20864970769536
"6092","feed_visits",0.203662363962793
"6093","feed_visits",0.156914813391428
"6096","feed_visits",0.181944156838739
"6125","feed_visits",0.214958996699861
"6126","feed_visits",0.19218157510328
"6129","feed_visits",0.189000559108565
"6130","feed_visits",0.179449832805968
"6131","feed_visits",0.197139832634414
"6134","feed_visits",0.199448320144357
"7010","feed_visits",0.197795896588801
"7018","feed_visits",0.177541766793939
"7019","feed_visits",0.177257846510975
"7022","feed_visits",0.21164532814424
"7023","feed_visits",0.147329364162167
"7024","feed_visits",0.17827814239742
"7025","feed_visits",0.162388550330053
"7027","feed_visits",0.164750510239098
"7029","feed_visits",0.237366939005306
"7030","feed_visits",0.145719340784577
"7033","feed_visits",0.146795276464068
"7039","feed_visits",0.24811668897414
"7043","feed_visits",0.18430605690476
"7045","feed_visits",0.270174714270723
"7048","feed_visits",0.169880112574551
"7051","feed_visits",0.242172156267694
"7060","feed_visits",0.196701779746733
"7064","feed_visits",0.20913024834358
"7065","feed_visits",0.174738634855722
"7068","feed_visits",0.186761613895061
"7078","feed_visits",0.188322912983128
"7109","feed_visits",0.222581179294978
"7110","feed_visits",0.186989586156514
"7114","feed_visits",0.158187203522678
"7115","feed_visits",0.202159801125077
"7116","feed_visits",0.183438961771013
"7119","feed_visits",0.175052984439565
"7128","feed_visits",0.180607037697444
"7136","feed_visits",0.151762557866004
"7138","feed_visits",0.150038436388045
"7139","feed_visits",0.16990390154258
"7143","feed_visits",0.191390724427921
"7146","feed_visits",0.185095112457701
"7150","feed_visits",0.174972026772755
"7153","feed_visits",0.231125151689065
"7159","feed_visits",0.156018150195799
"7163","feed_visits",0.172870881803428
"7169","feed_visits",0.181330281415245
"8015","feed_visits",0.198116328934804
"8083","feed_visits",0.19145292656582
"8145","feed_visits",0.203985115555036
"8146","feed_visits",0.167812925584379
"8154","feed_visits",0.165650187357017
"9010","feed_visits",0.195166984392094
"9012","feed_visits",0.17625596150621
"2007","water_intake",13.3273145156965
"2051","water_intake",13.6033312880283
"2063","water_intake",11.0736946581293
"3067","water_intake",19.6292884951111
"3117","water_intake",14.8158063396997
"3131","water_intake",11.6236189343743
"3150","water_intake",11.9970204673014
"4001","water_intake",13.1953141977272
"4008","water_intake",11.6635334853556
"4026","water_intake",11.9313015005346
"4044","water_intake",13.8701992064284
"4057","water_intake",10.990798130529
"4072","water_intake",10.4117838068837
"4080","water_intake",10.1799698227312
"5005","water_intake",11.1102829547719
"5041","water_intake",11.0911192792739
"5042","water_intake",11.984662405003
"5061","water_intake",10.5463697835436
"5064","water_intake",13.4074778270588
"5096","water_intake",9.55331322831949
"5100","water_intake",10.7414585517319
"5118","water_intake",11.7039379138102
"5120","water_intake",11.1062003959905
"5123","water_intake",12.6454304354138
"5124","water_intake",10.699184701127
"5133","water_intake",12.3062486387027
"5135","water_intake",17.2803863212942
"5137","water_intake",10.5144855214037
"5139","water_intake",16.0557099125434
"5140","water_intake",11.2303904534943
"5145","water_intake",12.5263466215438
"6004","water_intake",12.2471449846043
"6005","water_intake",9.43307494239195
"6011","water_intake",22.4033114605787
"6022","water_intake",10.7182915373764
"6025","water_intake",10.6940372803431
"6027","water_intake",13.0591948307331
"6028","water_intake",11.9843490613565
"6029","water_intake",12.0454442729387
"6033","water_intake",10.3091216893075
"6041","water_intake",11.9900140621235
"6043","water_intake",10.6297151995427
"6050","water_intake",12.2830716507435
"6055","water_intake",9.02946908260476
"6062","water_intake",12.2029952497072
"6067","water_intake",13.0136147321462
"6068","water_intake",12.9806048365642
"6069","water_intake",12.1611144121233
"6079","water_intake",11.5236902588157
"6084","water_intake",11.8582539027494
"6086","water_intake",12.3257744720985
"6087","water_intake",12.8008089083923
"6090","water_intake",11.1852458615164
"6092","water_intake",11.5364347099095
"6093","water_intake",12.6166367137841
"6096","water_intake",13.6229577013258
"6125","water_intake",14.0133600146486
"6126","water_intake",12.6050922745061
"6129","water_intake",14.1308591198364
"6130","water_intake",9.09091631099318
"6131","water_intake",11.510523626012
"6134","water_intake",11.5815557304576
"7010","water_intake",14.4537173360615
"7018","water_intake",8.70380015270781
"7019","water_intake",11.2121108783138
"7022","water_intake",12.556523961557
"7023","water_intake",10.6013966017084
"7024","water_intake",9.67985929017233
"7025","water_intake",11.4270893691503
"7027","water_intake",11.7943713497698
"7029","water_intake",12.8121959068699
"7030","water_intake",13.5901662196308
"7033","water_intake",10.3532285816971
"7039","water_intake",12.5854364916886
"7043","water_intake",10.8092876318787
"7045","water_intake",12.1657753226352
"7048","water_intake",11.2927034447753
"7051","water_intake",12.5507994518857
"7060","water_intake",10.6397636511857
"7064","water_intake",11.7756305933985
"7065","water_intake",11.5276547942873
"7068","water_intake",11.4535386525696
"7078","water_intake",11.762699660503
"7109","water_intake",11.6062055745107
"7110","water_intake",10.8706455781904
"7114","water_intake",13.043204355602
"7115","water_intake",12.2789992019206
"7116","water_intake",11.0299517209794
"7119","water_intake",10.5687134907691
"7128","water_intake",13.1435873471638
"7136","water_intake",14.1818486147584
"7138","water_intake",13.342608980695
"7139","water_intake",11.5929062454659
"7143","water_intake",9.91204101512448
"7146","water_intake",10.0542143342501
"7150","water_intake",10.2768733330221
"7153","water_intake",13.3290493551096
"7159","water_intake",10.1964954109479
"7163","water_intake",12.329479589895
"7169","water_intake",16.488997507791
"8015","water_intake",10.3398730658566
"8083","water_intake",11.1885177096979
"8145","water_intake",11.4449998359411
"8146","water_intake",12.4355880816844
"8154","water_intake",10.2983637988767
"9010","water_intake",14.1498975288625
"9012","water_intake",11.3735480198029
"2007","water_duration",0.199125992276409
"2051","water_duration",0.203317075155001
"2063","water_duration",0.211300388710398
"3067","water_duration",0.249959570193332
"3117","water_duration",0.192095293235219
"3131","water_duration",0.198322549098501
"3150","water_duration",0.20845549053491
"4001","water_duration",0.196855213357176
"4008","water_duration",0.193520305411932
"4026","water_duration",0.241908383563427
"4044","water_duration",0.233161416735834
"4057","water_duration",0.170015308194591
"4072","water_duration",0.197830774219404
"4080","water_duration",0.214036616397506
"5005","water_duration",0.252578237932796
"5041","water_duration",0.192367300663757
"5042","water_duration",0.275857126767171
"5061","water_duration",0.200798425714325
"5064","water_duration",0.201572295593109
"5096","water_duration",0.200722534006812
"5100","water_duration",0.221639871913663
"5118","water_duration",0.220184214816293
"5120","water_duration",0.196283062016285
"5123","water_duration",0.20987085432343
"5124","water_duration",0.181286667339186
"5133","water_duration",0.214346687896929
"5135","water_duration",0.210154063776966
"5137","water_duration",0.177243617558044
"5139","water_duration",0.263730971199433
"5140","water_duration",0.195431791435476
"5145","water_duration",0.225156095535313
"6004","water_duration",0.205855753083728
"6005","water_duration",0.187548578127205
"6011","water_duration",0.251583137235569
"6022","water_duration",0.179609539101637
"6025","water_duration",0.199016451794129
"6027","water_duration",0.196459692351985
"6028","water_duration",0.149912495486956
"6029","water_duration",0.247414965626191
"6033","water_duration",0.324866940137737
"6041","water_duration",0.182100370044676
"6043","water_duration",0.226160245578908
"6050","water_duration",0.184982105877171
"6055","water_duration",0.218269931507555
"6062","water_duration",0.168815713093388
"6067","water_duration",0.227258226511644
"6068","water_duration",0.165229330343772
"6069","water_duration",0.292720916977539
"6079","water_duration",0.174160618298432
"6084","water_duration",0.177492277482356
"6086","water_duration",0.175081571103254
"6087","water_duration",0.272785751069142
"6090","water_duration",0.230244549326014
"6092","water_duration",0.179622800901957
"6093","water_duration",0.219085784721668
"6096","water_duration",0.255473337015692
"6125","water_duration",0.248834943624349
"6126","water_duration",0.193166292006319
"6129","water_duration",0.240765126801896
"6130","water_duration",0.219545966069879
"6131","water_duration",0.181657209385302
"6134","water_duration",0.224240024288237
"7010","water_duration",0.229842134453112
"7018","water_duration",0.242919990990228
"7019","water_duration",0.18660551387249
"7022","water_duration",0.197332675262982
"7023","water_duration",0.273811441930369
"7024","water_duration",0.194652430488902
"7025","water_duration",0.169646472857764
"7027","water_duration",0.16589837722434
"7029","water_duration",0.207319071011644
"7030","water_duration",0.17231602656595
"7033","water_duration",0.313896455857935
"7039","water_duration",0.22000713135304
"7043","water_duration",0.264477353603521
"7045","water_duration",0.201764824405109
"7048","water_duration",0.238826396060218
"7051","water_duration",0.189642667933538
"7060","water_duration",0.184883378925339
"7064","water_duration",0.264648788714283
"7065","water_duration",0.190719178420679
"7068","water_duration",0.219585106037143
"7078","water_duration",0.258631882397628
"7109","water_duration",0.219054549139764
"7110","water_duration",0.159936934337978
"7114","water_duration",0.204939254856504
"7115","water_duration",0.183854881969615
"7116","water_duration",0.22443259423274
"7119","water_duration",0.255207512388272
"7128","water_duration",0.203437575087791
"7136","water_duration",0.183369348982858
"7138","water_duration",0.193503171325896
"7139","water_duration",0.214385806053722
"7143","water_duration",0.246316806611515
"7146","water_duration",0.264787456186035
"7150","water_duration",0.166473364132571
"7153","water_duration",0.280831415809656
"7159","water_duration",0.204754184296876
"7163","water_duration",0.194702827481177
"7169","water_duration",0.38599088791232
"8015","water_duration",0.24055552198913
"8083","water_duration",0.177995895177922
"8145","water_duration",0.181498791266341
"8146","water_duration",0.218931526474496
"8154","water_duration",0.161593515706213
"9010","water_duration",0.257055986852205
"9012","water_duration",0.211919462104962
"2007","water_visits",0.209607264009503
"2051","water_visits",0.266845869735118
"2063","water_visits",0.254398947215434
"3067","water_visits",0.246398308597282
"3117","water_visits",0.232259064565037
"3131","water_visits",0.226215413883573
"3150","water_visits",0.224643463110929
"4001","water_visits",0.285982089710059
"4008","water_visits",0.230445677906694
"4026","water_visits",0.259227987907007
"4044","water_visits",0.243543443419056
"4057","water_visits",0.207407487423583
"4072","water_visits",0.254010957259666
"4080","water_visits",0.245041809982517
"5005","water_visits",0.321708169349703
"5041","water_visits",0.288568451151441
"5042","water_visits",0.341388999763629
"5061","water_visits",0.200099956704004
"5064","water_visits",0.235585830519483
"5096","water_visits",0.241357391116501
"5100","water_visits",0.233361525924406
"5118","water_visits",0.279287324651757
"5120","water_visits",0.261614375192428
"5123","water_visits",0.229514074307228
"5124","water_visits",0.237028016244478
"5133","water_visits",0.248379534491442
"5135","water_visits",0.229227883740846
"5137","water_visits",0.197305737068169
"5139","water_visits",0.248179780882369
"5140","water_visits",0.218707538889933
"5145","water_visits",0.246395558082288
"6004","water_visits",0.204380329691769
"6005","water_visits",0.214743318126171
"6011","water_visits",0.300337853032392
"6022","water_visits",0.28580835687116
"6025","water_visits",0.300279382413823
"6027","water_visits",0.231806153846002
"6028","water_visits",0.228200612003336
"6029","water_visits",0.205792142678896
"6033","water_visits",0.218144336875025
"6041","water_visits",0.213181706018316
"6043","water_visits",0.241866623703072
"6050","water_visits",0.23592871635661
"6055","water_visits",0.239508102906677
"6062","water_visits",0.230766173687793
"6067","water_visits",0.224933536113316
"6068","water_visits",0.258136773975058
"6069","water_visits",0.357160749881548
"6079","water_visits",0.226351211623717
"6084","water_visits",0.197328098298337
"6086","water_visits",0.248121959423197
"6087","water_visits",0.307768272591376
"6090","water_visits",0.265037048164749
"6092","water_visits",0.228052860618195
"6093","water_visits",0.237556754840914
"6096","water_visits",0.2528842446818
"6125","water_visits",0.274223468179483
"6126","water_visits",0.196482082947587
"6129","water_visits",0.223701155852946
"6130","water_visits",0.261580394817087
"6131","water_visits",0.218477465171465
"6134","water_visits",0.203958111306833
"7010","water_visits",0.275479177509159
"7018","water_visits",0.252783731816658
"7019","water_visits",0.207444238503965
"7022","water_visits",0.221253738432072
"7023","water_visits",0.259677616879313
"7024","water_visits",0.254051695918568
"7025","water_visits",0.218603499784193
"7027","water_visits",0.24533923864934
"7029","water_visits",0.226651163181988
"7030","water_visits",0.195310927655685
"7033","water_visits",0.31523077176299
"7039","water_visits",0.230950520529686
"7043","water_visits",0.231165721579603
"7045","water_visits",0.225449412962306
"7048","water_visits",0.251226727697158
"7051","water_visits",0.184856199665077
"7060","water_visits",0.236933560442657
"7064","water_visits",0.24835306865495
"7065","water_visits",0.203892913062866
"7068","water_visits",0.253205715599937
"7078","water_visits",0.205093587112502
"7109","water_visits",0.232621893489251
"7110","water_visits",0.262317743513594
"7114","water_visits",0.2351260807898
"7115","water_visits",0.237905308591081
"7116","water_visits",0.227057205870085
"7119","water_visits",0.258632090733947
"7128","water_visits",0.21450695895064
"7136","water_visits",0.2185123106615
"7138","water_visits",0.235886384952844
"7139","water_visits",0.273318762490825
"7143","water_visits",0.240172269844024
"7146","water_visits",0.267056212991443
"7150","water_visits",0.209121670253447
"7153","water_visits",0.303496384844341
"7159","water_visits",0.270703718703056
"7163","water_visits",0.274215282476683
"7169","water_visits",0.431146822917728
"8015","water_visits",0.27634731047299
"8083","water_visits",0.257005890888162
"8145","water_visits",0.257557069219054
"8146","water_visits",0.250762421971885
"8154","water_visits",0.185229999335429
"9010","water_visits",0.268619485984658
"9012","water_visits",0.240247771619815
"2007","total_meals",0.210668722396205
"2051","total_meals",0.195785687273293
"2063","total_meals",0.212789640469852
"3067","total_meals",0.202188526543909
"3117","total_meals",0.214913223483118
"3131","total_meals",0.186813295727117
"3150","total_meals",0.164556649894532
"4001","total_meals",0.189942124578445
"4008","total_meals",0.211732393471762
"4026","total_meals",0.199617859886947
"4044","total_meals",0.200672646276714
"4057","total_meals",0.212374087240522
"4072","total_meals",0.192285367978922
"4080","total_meals",0.177059000792745
"5005","total_meals",0.224048536130645
"5041","total_meals",0.184405327842346
"5042","total_meals",0.184658741501072
"5061","total_meals",0.228805475128694
"5064","total_meals",0.182664225989676
"5096","total_meals",0.188948981367387
"5100","total_meals",0.165565806257374
"5118","total_meals",0.195374666362546
"5120","total_meals",0.211501492161225
"5123","total_meals",0.239392864176708
"5124","total_meals",0.233464974483213
"5133","total_meals",0.210767196973382
"5135","total_meals",0.183629891882786
"5137","total_meals",0.174825658913407
"5139","total_meals",0.187877744131728
"5140","total_meals",0.164892893079455
"5145","total_meals",0.172428901902889
"6004","total_meals",0.179216223984846
"6005","total_meals",0.190631053626965
"6011","total_meals",0.164934117115815
"6022","total_meals",0.157220997195774
"6025","total_meals",0.159076413188151
"6027","total_meals",0.209481843913736
"6028","total_meals",0.195230251924288
"6029","total_meals",0.197089903278912
"6033","total_meals",0.204031533140531
"6041","total_meals",0.171405860984233
"6043","total_meals",0.201241547187957
"6050","total_meals",0.191237781791894
"6055","total_meals",0.192133744882907
"6062","total_meals",0.165173672115243
"6067","total_meals",0.167668239249323
"6068","total_meals",0.19972958940285
"6069","total_meals",0.211904770072565
"6079","total_meals",0.2000208182355
"6084","total_meals",0.17229257438797
"6086","total_meals",0.178470048546672
"6087","total_meals",0.265815565836368
"6090","total_meals",0.195337283292162
"6092","total_meals",0.219400160413488
"6093","total_meals",0.173737627601228
"6096","total_meals",0.188375602333993
"6125","total_meals",0.214828166530904
"6126","total_meals",0.171053450753937
"6129","total_meals",0.190726652038443
"6130","total_meals",0.198858478207091
"6131","total_meals",0.172957776928385
"6134","total_meals",0.149434183427745
"7010","total_meals",0.187052615139961
"7018","total_meals",0.186905471329054
"7019","total_meals",0.17602056430963
"7022","total_meals",0.196194151479717
"7023","total_meals",0.177632743393003
"7024","total_meals",0.172052021146995
"7025","total_meals",0.154919983201594
"7027","total_meals",0.182543209535622
"7029","total_meals",0.159412022077411
"7030","total_meals",0.193806812061301
"7033","total_meals",0.187765655774541
"7039","total_meals",0.188381683697878
"7043","total_meals",0.21387499899386
"7045","total_meals",0.20986086936001
"7048","total_meals",0.177358463160277
"7051","total_meals",0.174066117914946
"7060","total_meals",0.190280403734038
"7064","total_meals",0.204453741923382
"7065","total_meals",0.179895792291534
"7068","total_meals",0.191328716848364
"7078","total_meals",0.156575515886671
"7109","total_meals",0.176167256339009
"7110","total_meals",0.195763071136598
"7114","total_meals",0.167543994066186
"7115","total_meals",0.177870620697219
"7116","total_meals",0.18422269562691
"7119","total_meals",0.183717013666693
"7128","total_meals",0.175314897530841
"7136","total_meals",0.192688371270625
"7138","total_meals",0.185230858042989
"7139","total_meals",0.167461657557311
"7143","total_meals",0.183368434356937
"7146","total_meals",0.224743578250684
"7150","total_meals",0.16821327655528
"7153","total_meals",0.216409564378711
"7159","total_meals",0.166755263778821
"7163","total_meals",0.166945456383626
"7169","total_meals",0.202326966024348
"8015","total_meals",0.162250775366637
"8083","total_meals",0.18553242515778
"8145","total_meals",0.193805991648929
"8146","total_meals",0.186680025933006
"8154","total_meals",0.183287248821922
"9010","total_meals",0.161539772827365
"9012","total_meals",0.172353698195733
"2007","median_meal_duration",0.265643777245807
"2051","median_meal_duration",0.248234351649719
"2063","median_meal_duration",0.300483307287679
"3067","median_meal_duration",0.260440437978779
"3117","median_meal_duration",0.33528849858294
"3131","median_meal_duration",0.271159398840563
"3150","median_meal_duration",0.216142984166388
"4001","median_meal_duration",0.293172373155595
"4008","median_meal_duration",0.311580312063441
"4026","median_meal_duration",0.281827145836756
"4044","median_meal_duration",0.258573094835256
"4057","median_meal_duration",0.265058957305036
"4072","median_meal_duration",0.30094381068818
"4080","median_meal_duration",0.260675154356179
"5005","median_meal_duration",0.285660170071893
"5041","median_meal_duration",0.272204673546828
"5042","median_meal_duration",0.269194018551283
"5061","median_meal_duration",0.277672780098888
"5064","median_meal_duration",0.275353221877841
"5096","median_meal_duration",0.28028434125133
"5100","median_meal_duration",0.28970124922233
"5118","median_meal_duration",0.278767464870582
"5120","median_meal_duration",0.280100694892359
"5123","median_meal_duration",0.318248784577736
"5124","median_meal_duration",0.283339881499415
"5133","median_meal_duration",0.28618425178848
"5135","median_meal_duration",0.268566904513937
"5137","median_meal_duration",0.259231602506751
"5139","median_meal_duration",0.26810757886122
"5140","median_meal_duration",0.233727004126845
"5145","median_meal_duration",0.246432479240717
"6004","median_meal_duration",0.255489477425047
"6005","median_meal_duration",0.219724865518804
"6011","median_meal_duration",0.264629786428678
"6022","median_meal_duration",0.264359253067394
"6025","median_meal_duration",0.253402906738951
"6027","median_meal_duration",0.247901567525719
"6028","median_meal_duration",0.274562674300902
"6029","median_meal_duration",0.276715996819282
"6033","median_meal_duration",0.273192163206489
"6041","median_meal_duration",0.277119083212001
"6043","median_meal_duration",0.256099740935632
"6050","median_meal_duration",0.264074315225544
"6055","median_meal_duration",0.274605074096788
"6062","median_meal_duration",0.250485975288231
"6067","median_meal_duration",0.255301443066084
"6068","median_meal_duration",0.25903810889794
"6069","median_meal_duration",0.305689853972132
"6079","median_meal_duration",0.272320048717334
"6084","median_meal_duration",0.256834174664698
"6086","median_meal_duration",0.261982814794464
"6087","median_meal_duration",0.278553801448104
"6090","median_meal_duration",0.262756714276552
"6092","median_meal_duration",0.282940544509405
"6093","median_meal_duration",0.259289538027274
"6096","median_meal_duration",0.299515792031292
"6125","median_meal_duration",0.289858504204059
"6126","median_meal_duration",0.289950564803332
"6129","median_meal_duration",0.252722730570545
"6130","median_meal_duration",0.282064127622548
"6131","median_meal_duration",0.255093127397994
"6134","median_meal_duration",0.230623081264013
"7010","median_meal_duration",0.253771766568673
"7018","median_meal_duration",0.264313193099213
"7019","median_meal_duration",0.281545798409357
"7022","median_meal_duration",0.253369705487656
"7023","median_meal_duration",0.25698701825633
"7024","median_meal_duration",0.246108268170013
"7025","median_meal_duration",0.229740433338395
"7027","median_meal_duration",0.26246325982984
"7029","median_meal_duration",0.265164439095495
"7030","median_meal_duration",0.266293637768135
"7033","median_meal_duration",0.253316840655987
"7039","median_meal_duration",0.275689362673775
"7043","median_meal_duration",0.312106063895226
"7045","median_meal_duration",0.284847729316592
"7048","median_meal_duration",0.257194699359311
"7051","median_meal_duration",0.258899562589126
"7060","median_meal_duration",0.276041567941288
"7064","median_meal_duration",0.274432041007435
"7065","median_meal_duration",0.262716037037787
"7068","median_meal_duration",0.235639966628235
"7078","median_meal_duration",0.246770837566133
"7109","median_meal_duration",0.283593568552496
"7110","median_meal_duration",0.257475180312479
"7114","median_meal_duration",0.271912770990598
"7115","median_meal_duration",0.231420009626384
"7116","median_meal_duration",0.25593896927607
"7119","median_meal_duration",0.270122096088382
"7128","median_meal_duration",0.283674540557079
"7136","median_meal_duration",0.263860225323884
"7138","median_meal_duration",0.247433477915316
"7139","median_meal_duration",0.254168530502374
"7143","median_meal_duration",0.257558633094997
"7146","median_meal_duration",0.290957768810412
"7150","median_meal_duration",0.257079507115175
"7153","median_meal_duration",0.263571640531788
"7159","median_meal_duration",0.254073534358757
"7163","median_meal_duration",0.261132921777756
"7169","median_meal_duration",0.269737303001715
"8015","median_meal_duration",0.231143640647023
"8083","median_meal_duration",0.280549556186661
"8145","median_meal_duration",0.276411927626645
"8146","median_meal_duration",0.252344758934193
"8154","median_meal_duration",0.272180322100858
"9010","median_meal_duration",0.272393388258225
"9012","median_meal_duration",0.264342467701195
"2007","median_visit_per_meal",0.293883735042682
"2051","median_visit_per_meal",0.293667728122843
"2063","median_visit_per_meal",0.318755722678074
"3067","median_visit_per_meal",0.298081536862154
"3117","median_visit_per_meal",0.335313284504613
"3131","median_visit_per_meal",0.292416222551577
"3150","median_visit_per_meal",0.305250253227429
"4001","median_visit_per_meal",0.334430465884852
"4008","median_visit_per_meal",0.311126704444506
"4026","median_visit_per_meal",0.294640329841797
"4044","median_visit_per_meal",0.286093375992621
"4057","median_visit_per_meal",0.322599736701317
"4072","median_visit_per_meal",0.305267988147832
"4080","median_visit_per_meal",0.293730180471803
"5005","median_visit_per_meal",0.342764815815067
"5041","median_visit_per_meal",0.312280845429982
"5042","median_visit_per_meal",0.318375006300584
"5061","median_visit_per_meal",0.310426676145656
"5064","median_visit_per_meal",0.293783971933348
"5096","median_visit_per_meal",0.320780671811377
"5100","median_visit_per_meal",0.291153669488201
"5118","median_visit_per_meal",0.318486371416802
"5120","median_visit_per_meal",0.327081480993238
"5123","median_visit_per_meal",0.366487184626048
"5124","median_visit_per_meal",0.327548113938994
"5133","median_visit_per_meal",0.327138018969795
"5135","median_visit_per_meal",0.299905310481211
"5137","median_visit_per_meal",0.280089059755698
"5139","median_visit_per_meal",0.324290692697164
"5140","median_visit_per_meal",0.277779786891531
"5145","median_visit_per_meal",0.287300188531664
"6004","median_visit_per_meal",0.321841322475346
"6005","median_visit_per_meal",0.264806498245613
"6011","median_visit_per_meal",0.289588384895467
"6022","median_visit_per_meal",0.303279691927941
"6025","median_visit_per_meal",0.298598655398579
"6027","median_visit_per_meal",0.294230792593612
"6028","median_visit_per_meal",0.33136708049826
"6029","median_visit_per_meal",0.314582082622294
"6033","median_visit_per_meal",0.304553407309636
"6041","median_visit_per_meal",0.317674311966761
"6043","median_visit_per_meal",0.301759806447685
"6050","median_visit_per_meal",0.307484598393809
"6055","median_visit_per_meal",0.267698755316981
"6062","median_visit_per_meal",0.289386743057618
"6067","median_visit_per_meal",0.296556484646311
"6068","median_visit_per_meal",0.301315312495146
"6069","median_visit_per_meal",0.322758337079238
"6079","median_visit_per_meal",0.316351838682036
"6084","median_visit_per_meal",0.337706248492083
"6086","median_visit_per_meal",0.301706741849248
"6087","median_visit_per_meal",0.318609967459449
"6090","median_visit_per_meal",0.277793884548025
"6092","median_visit_per_meal",0.330880169835152
"6093","median_visit_per_meal",0.301497682499551
"6096","median_visit_per_meal",0.33277687340836
"6125","median_visit_per_meal",0.315087856636787
"6126","median_visit_per_meal",0.364563243101959
"6129","median_visit_per_meal",0.298258664149084
"6130","median_visit_per_meal",0.284468867283957
"6131","median_visit_per_meal",0.295126042866792
"6134","median_visit_per_meal",0.291953570801488
"7010","median_visit_per_meal",0.296440133383912
"7018","median_visit_per_meal",0.286720408052283
"7019","median_visit_per_meal",0.301017275669532
"7022","median_visit_per_meal",0.334417194637781
"7023","median_visit_per_meal",0.274633929351669
"7024","median_visit_per_meal",0.299682678969738
"7025","median_visit_per_meal",0.286273613257025
"7027","median_visit_per_meal",0.27885925432121
"7029","median_visit_per_meal",0.28527848666749
"7030","median_visit_per_meal",0.293907743042846
"7033","median_visit_per_meal",0.290486669154814
"7039","median_visit_per_meal",0.323847832246211
"7043","median_visit_per_meal",0.364404293560052
"7045","median_visit_per_meal",0.335788120326539
"7048","median_visit_per_meal",0.28381302797392
"7051","median_visit_per_meal",0.314716598448101
"7060","median_visit_per_meal",0.331189340085498
"7064","median_visit_per_meal",0.33370285364836
"7065","median_visit_per_meal",0.289306110280036
"7068","median_visit_per_meal",0.319299372727952
"7078","median_visit_per_meal",0.283873478702915
"7109","median_visit_per_meal",0.321877964027234
"7110","median_visit_per_meal",0.288523453174268
"7114","median_visit_per_meal",0.300531647748273
"7115","median_visit_per_meal",0.293909000754442
"7116","median_visit_per_meal",0.302625977730975
"7119","median_visit_per_meal",0.329625760456039
"7128","median_visit_per_meal",0.310640812403572
"7136","median_visit_per_meal",0.278734101789427
"7138","median_visit_per_meal",0.282664319663
"7139","median_visit_per_meal",0.273153196252834
"7143","median_visit_per_meal",0.323319397703148
"7146","median_visit_per_meal",0.323064837694809
"7150","median_visit_per_meal",0.296496606557586
"7153","median_visit_per_meal",0.315177278534501
"7159","median_visit_per_meal",0.298479839192882
"7163","median_visit_per_meal",0.282876927796789
"7169","median_visit_per_meal",0.289033478533731
"8015","median_visit_per_meal",0.307838259642862
"8083","median_visit_per_meal",0.307700871737082
"8145","median_visit_per_meal",0.322228664241465
"8146","median_visit_per_meal",0.30274419858372
"8154","median_visit_per_meal",0.322287188105855
"9010","median_visit_per_meal",0.29872824952214
"9012","median_visit_per_meal",0.289692380689789
"2007","median_intake_per_meal",0.236570668818138
"2051","median_intake_per_meal",0.238184603208303
"2063","median_intake_per_meal",0.322656473503682
"3067","median_intake_per_meal",0.220911371164171
"3117","median_intake_per_meal",0.375565278509775
"3131","median_intake_per_meal",0.313768629326561
"3150","median_intake_per_meal",0.191971246007738
"4001","median_intake_per_meal",0.339030439998706
"4008","median_intake_per_meal",0.304262311163554
"4026","median_intake_per_meal",0.394578295854269
"4044","median_intake_per_meal",0.260137274887238
"4057","median_intake_per_meal",0.266943228744808
"4072","median_intake_per_meal",0.285080234228561
"4080","median_intake_per_meal",0.255711040101291
"5005","median_intake_per_meal",0.280115769120136
"5041","median_intake_per_meal",0.260136116670609
"5042","median_intake_per_meal",0.289486104756435
"5061","median_intake_per_meal",0.313188591670297
"5064","median_intake_per_meal",0.264883935470117
"5096","median_intake_per_meal",0.315583738010973
"5100","median_intake_per_meal",0.287643711600046
"5118","median_intake_per_meal",0.28363892030542
"5120","median_intake_per_meal",0.280618785344136
"5123","median_intake_per_meal",0.343218386444903
"5124","median_intake_per_meal",0.304974291632951
"5133","median_intake_per_meal",0.39047918104966
"5135","median_intake_per_meal",0.255641364630652
"5137","median_intake_per_meal",0.209673987365028
"5139","median_intake_per_meal",0.280873768063658
"5140","median_intake_per_meal",0.171758312061506
"5145","median_intake_per_meal",0.261932062445329
"6004","median_intake_per_meal",0.235000646028731
"6005","median_intake_per_meal",0.215050291916928
"6011","median_intake_per_meal",0.256119973212999
"6022","median_intake_per_meal",0.196360252580831
"6025","median_intake_per_meal",0.256123708409421
"6027","median_intake_per_meal",0.27114415414749
"6028","median_intake_per_meal",0.363154179806012
"6029","median_intake_per_meal",0.263310090732015
"6033","median_intake_per_meal",0.279861073621658
"6041","median_intake_per_meal",0.264694198512792
"6043","median_intake_per_meal",0.239618823569847
"6050","median_intake_per_meal",0.247319479540684
"6055","median_intake_per_meal",0.258798993207566
"6062","median_intake_per_meal",0.19717543658904
"6067","median_intake_per_meal",0.219740493849178
"6068","median_intake_per_meal",0.227557675786141
"6069","median_intake_per_meal",0.557650250732451
"6079","median_intake_per_meal",0.272959247018894
"6084","median_intake_per_meal",0.240102154941551
"6086","median_intake_per_meal",0.221060568385527
"6087","median_intake_per_meal",0.293785611907963
"6090","median_intake_per_meal",0.28877122920425
"6092","median_intake_per_meal",0.248530277753988
"6093","median_intake_per_meal",0.214598809363873
"6096","median_intake_per_meal",0.315399916516953
"6125","median_intake_per_meal",0.29159489238353
"6126","median_intake_per_meal",0.287366205506693
"6129","median_intake_per_meal",0.273989834362432
"6130","median_intake_per_meal",0.275121162975734
"6131","median_intake_per_meal",0.269168117403551
"6134","median_intake_per_meal",0.185617680114365
"7010","median_intake_per_meal",0.247173521615828
"7018","median_intake_per_meal",0.271716689960022
"7019","median_intake_per_meal",0.312480964028533
"7022","median_intake_per_meal",0.266420215962019
"7023","median_intake_per_meal",0.26394798590733
"7024","median_intake_per_meal",0.207000050345614
"7025","median_intake_per_meal",0.259264341019025
"7027","median_intake_per_meal",0.262078264328976
"7029","median_intake_per_meal",0.43832416680385
"7030","median_intake_per_meal",0.299694032757667
"7033","median_intake_per_meal",0.249026834317074
"7039","median_intake_per_meal",0.280472833692704
"7043","median_intake_per_meal",0.303889311221472
"7045","median_intake_per_meal",0.282590781022792
"7048","median_intake_per_meal",0.249814814624596
"7051","median_intake_per_meal",0.299940086443101
"7060","median_intake_per_meal",0.281257924252564
"7064","median_intake_per_meal",0.234709871695815
"7065","median_intake_per_meal",0.233625801204304
"7068","median_intake_per_meal",0.256327824795238
"7078","median_intake_per_meal",0.222171126530379
"7109","median_intake_per_meal",0.299810126698553
"7110","median_intake_per_meal",0.258799050166993
"7114","median_intake_per_meal",0.263902605923394
"7115","median_intake_per_meal",0.193215679968755
"7116","median_intake_per_meal",0.277686130138463
"7119","median_intake_per_meal",0.25822958343273
"7128","median_intake_per_meal",0.29819002178507
"7136","median_intake_per_meal",0.281787601552971
"7138","median_intake_per_meal",0.247609259252953
"7139","median_intake_per_meal",0.211496553378798
"7143","median_intake_per_meal",0.241576932384232
"7146","median_intake_per_meal",0.297520346015664
"7150","median_intake_per_meal",0.218336168278978
"7153","median_intake_per_meal",0.276877577549665
"7159","median_intake_per_meal",0.232401930542168
"7163","median_intake_per_meal",0.282413437931581
"7169","median_intake_per_meal",0.278209528999946
"8015","median_intake_per_meal",0.178030434252172
"8083","median_intake_per_meal",0.276817824357459
"8145","median_intake_per_meal",0.288494800963513
"8146","median_intake_per_meal",0.234229325007866
"8154","median_intake_per_meal",0.317052022699545
"9010","median_intake_per_meal",0.32175456706519
"9012","median_intake_per_meal",0.298336177274293
"2007","median_feeding_pct_per_meal",6.21434064154667
"2051","median_feeding_pct_per_meal",4.84663506974155
"2063","median_feeding_pct_per_meal",7.60566163937178
"3067","median_feeding_pct_per_meal",5.50986820805582
"3117","median_feeding_pct_per_meal",5.08791589620915
"3131","median_feeding_pct_per_meal",4.13535915092935
"3150","median_feeding_pct_per_meal",4.97475389011618
"4001","median_feeding_pct_per_meal",6.55857897829417
"4008","median_feeding_pct_per_meal",4.84289952050556
"4026","median_feeding_pct_per_meal",12.054014129985
"4044","median_feeding_pct_per_meal",5.04961725434446
"4057","median_feeding_pct_per_meal",3.77050536829226
"4072","median_feeding_pct_per_meal",6.70405171872988
"4080","median_feeding_pct_per_meal",7.97868728096997
"5005","median_feeding_pct_per_meal",6.9183666205882
"5041","median_feeding_pct_per_meal",5.06911317211701
"5042","median_feeding_pct_per_meal",5.99332123694776
"5061","median_feeding_pct_per_meal",4.89653262740383
"5064","median_feeding_pct_per_meal",5.56791002093207
"5096","median_feeding_pct_per_meal",5.07922396358136
"5100","median_feeding_pct_per_meal",6.47625870972696
"5118","median_feeding_pct_per_meal",4.90228013769321
"5120","median_feeding_pct_per_meal",4.70572852965514
"5123","median_feeding_pct_per_meal",5.31116591040101
"5124","median_feeding_pct_per_meal",5.03029404449142
"5133","median_feeding_pct_per_meal",4.94078854544781
"5135","median_feeding_pct_per_meal",5.13715288195489
"5137","median_feeding_pct_per_meal",4.70459416039328
"5139","median_feeding_pct_per_meal",5.7065430402769
"5140","median_feeding_pct_per_meal",4.74311528004169
"5145","median_feeding_pct_per_meal",6.33716435933494
"6004","median_feeding_pct_per_meal",4.47953230578862
"6005","median_feeding_pct_per_meal",5.50885872243974
"6011","median_feeding_pct_per_meal",4.34925808451199
"6022","median_feeding_pct_per_meal",4.51591190532128
"6025","median_feeding_pct_per_meal",5.97587964043607
"6027","median_feeding_pct_per_meal",6.10466879478726
"6028","median_feeding_pct_per_meal",6.27532331045594
"6029","median_feeding_pct_per_meal",5.77098265127833
"6033","median_feeding_pct_per_meal",5.36699850571748
"6041","median_feeding_pct_per_meal",4.31180213673683
"6043","median_feeding_pct_per_meal",6.41543308410059
"6050","median_feeding_pct_per_meal",4.42403458812918
"6055","median_feeding_pct_per_meal",7.01690095858469
"6062","median_feeding_pct_per_meal",6.11389848873473
"6067","median_feeding_pct_per_meal",6.37612876948242
"6068","median_feeding_pct_per_meal",6.14264174018926
"6069","median_feeding_pct_per_meal",5.90434964929489
"6079","median_feeding_pct_per_meal",5.68659094108144
"6084","median_feeding_pct_per_meal",4.36252707871811
"6086","median_feeding_pct_per_meal",4.63336952653019
"6087","median_feeding_pct_per_meal",5.69952780383908
"6090","median_feeding_pct_per_meal",5.78891884605893
"6092","median_feeding_pct_per_meal",5.05676164178488
"6093","median_feeding_pct_per_meal",5.95758750874708
"6096","median_feeding_pct_per_meal",4.93214981799134
"6125","median_feeding_pct_per_meal",5.58933648772907
"6126","median_feeding_pct_per_meal",5.39285975846833
"6129","median_feeding_pct_per_meal",4.26721205236519
"6130","median_feeding_pct_per_meal",5.01042817686796
"6131","median_feeding_pct_per_meal",4.88740078413938
"6134","median_feeding_pct_per_meal",4.68865374847435
"7010","median_feeding_pct_per_meal",5.16886317536047
"7018","median_feeding_pct_per_meal",5.29491617142103
"7019","median_feeding_pct_per_meal",7.80601557415093
"7022","median_feeding_pct_per_meal",4.44079325032093
"7023","median_feeding_pct_per_meal",3.95500136373226
"7024","median_feeding_pct_per_meal",5.69641399850138
"7025","median_feeding_pct_per_meal",4.61889248271193
"7027","median_feeding_pct_per_meal",4.11156161189628
"7029","median_feeding_pct_per_meal",5.60447909303975
"7030","median_feeding_pct_per_meal",4.30404177879485
"7033","median_feeding_pct_per_meal",4.66753881317221
"7039","median_feeding_pct_per_meal",5.23091681945368
"7043","median_feeding_pct_per_meal",5.83267781310836
"7045","median_feeding_pct_per_meal",4.6341669921119
"7048","median_feeding_pct_per_meal",5.88052217659321
"7051","median_feeding_pct_per_meal",7.11408320413118
"7060","median_feeding_pct_per_meal",4.66888945958465
"7064","median_feeding_pct_per_meal",5.64050104105526
"7065","median_feeding_pct_per_meal",3.97359433958148
"7068","median_feeding_pct_per_meal",5.18157897796909
"7078","median_feeding_pct_per_meal",5.65037811374979
"7109","median_feeding_pct_per_meal",9.21167022630557
"7110","median_feeding_pct_per_meal",5.03360136405601
"7114","median_feeding_pct_per_meal",4.19064789310538
"7115","median_feeding_pct_per_meal",3.91996374425861
"7116","median_feeding_pct_per_meal",5.0865794685504
"7119","median_feeding_pct_per_meal",4.8278280893354
"7128","median_feeding_pct_per_meal",5.33664122476345
"7136","median_feeding_pct_per_meal",4.45460362179104
"7138","median_feeding_pct_per_meal",4.97919314896822
"7139","median_feeding_pct_per_meal",5.15140567447795
"7143","median_feeding_pct_per_meal",6.48095709680632
"7146","median_feeding_pct_per_meal",5.04179816277079
"7150","median_feeding_pct_per_meal",5.46046777033867
"7153","median_feeding_pct_per_meal",5.94339079134261
"7159","median_feeding_pct_per_meal",5.08577547964399
"7163","median_feeding_pct_per_meal",4.31930645349097
"7169","median_feeding_pct_per_meal",5.53548385094821
"8015","median_feeding_pct_per_meal",6.50336699076736
"8083","median_feeding_pct_per_meal",4.84000502122701
"8145","median_feeding_pct_per_meal",6.03441710630936
"8146","median_feeding_pct_per_meal",6.09925362534027
"8154","median_feeding_pct_per_meal",5.02970778350945
"9010","median_feeding_pct_per_meal",5.21846502154297
"9012","median_feeding_pct_per_meal",5.70350353196562
"2007","number_of_non_nutritive_visits",0.382634213821726
"2051","number_of_non_nutritive_visits",0.386443157547437
"2063","number_of_non_nutritive_visits",0.393235325814896
"3067","number_of_non_nutritive_visits",0.429918819704183
"3117","number_of_non_nutritive_visits",0.27372931421095
"3131","number_of_non_nutritive_visits",0.335888961862798
"3150","number_of_non_nutritive_visits",0.389711798919022
"4001","number_of_non_nutritive_visits",0.361460131494359
"4008","number_of_non_nutritive_visits",0.318632371804119
"4026","number_of_non_nutritive_visits",0.431217045415876
"4044","number_of_non_nutritive_visits",0.327463835200821
"4057","number_of_non_nutritive_visits",0.358306895131569
"4072","number_of_non_nutritive_visits",0.376266838060322
"4080","number_of_non_nutritive_visits",0.306749359636527
"5005","number_of_non_nutritive_visits",0.527424503212236
"5041","number_of_non_nutritive_visits",0.447294434540673
"5042","number_of_non_nutritive_visits",0.322342436979566
"5061","number_of_non_nutritive_visits",0.391178478010581
"5064","number_of_non_nutritive_visits",0.292380700754607
"5096","number_of_non_nutritive_visits",0.362418993872518
"5100","number_of_non_nutritive_visits",0.243109384554863
"5118","number_of_non_nutritive_visits",0.437497780337012
"5120","number_of_non_nutritive_visits",0.389672683464608
"5123","number_of_non_nutritive_visits",0.344503963218743
"5124","number_of_non_nutritive_visits",0.314957009818228
"5133","number_of_non_nutritive_visits",0.276944194556849
"5135","number_of_non_nutritive_visits",0.355858765438572
"5137","number_of_non_nutritive_visits",0.350648055592075
"5139","number_of_non_nutritive_visits",0.437182907344429
"5140","number_of_non_nutritive_visits",0.269554295173622
"5145","number_of_non_nutritive_visits",0.36713240107966
"6004","number_of_non_nutritive_visits",0.587129326457402
"6005","number_of_non_nutritive_visits",0.348874672566591
"6011","number_of_non_nutritive_visits",0.299990185869472
"6022","number_of_non_nutritive_visits",0.345806620921193
"6025","number_of_non_nutritive_visits",0.374491487615732
"6027","number_of_non_nutritive_visits",0.307566237258529
"6028","number_of_non_nutritive_visits",0.380878354760647
"6029","number_of_non_nutritive_visits",0.563272916143867
"6033","number_of_non_nutritive_visits",0.329902264980725
"6041","number_of_non_nutritive_visits",0.355747290586298
"6043","number_of_non_nutritive_visits",0.309204352115884
"6050","number_of_non_nutritive_visits",0.331086001449007
"6055","number_of_non_nutritive_visits",0.284458823028507
"6062","number_of_non_nutritive_visits",0.338688008175414
"6067","number_of_non_nutritive_visits",0.46339665083082
"6068","number_of_non_nutritive_visits",0.341815894648268
"6069","number_of_non_nutritive_visits",0.354362642256396
"6079","number_of_non_nutritive_visits",0.288547396663163
"6084","number_of_non_nutritive_visits",0.457262492112923
"6086","number_of_non_nutritive_visits",0.430202572061973
"6087","number_of_non_nutritive_visits",0.473813206747359
"6090","number_of_non_nutritive_visits",0.354084875484942
"6092","number_of_non_nutritive_visits",0.342112833049674
"6093","number_of_non_nutritive_visits",0.268847333137283
"6096","number_of_non_nutritive_visits",0.390488578790035
"6125","number_of_non_nutritive_visits",0.469350161530372
"6126","number_of_non_nutritive_visits",0.359522518042174
"6129","number_of_non_nutritive_visits",0.491408155958411
"6130","number_of_non_nutritive_visits",0.259570704626647
"6131","number_of_non_nutritive_visits",0.391707330270748
"6134","number_of_non_nutritive_visits",0.361719028010252
"7010","number_of_non_nutritive_visits",0.383311098343517
"7018","number_of_non_nutritive_visits",0.302332931862265
"7019","number_of_non_nutritive_visits",0.347401764642928
"7022","number_of_non_nutritive_visits",0.382876243882942
"7023","number_of_non_nutritive_visits",0.257307998521454
"7024","number_of_non_nutritive_visits",0.383903031575612
"7025","number_of_non_nutritive_visits",0.357765703453985
"7027","number_of_non_nutritive_visits",0.262982268036584
"7029","number_of_non_nutritive_visits",0.406990711930047
"7030","number_of_non_nutritive_visits",0.245068917856539
"7033","number_of_non_nutritive_visits",0.294833531052232
"7039","number_of_non_nutritive_visits",0.399562048376481
"7043","number_of_non_nutritive_visits",0.321179033283086
"7045","number_of_non_nutritive_visits",0.483464435106572
"7048","number_of_non_nutritive_visits",0.35362524767541
"7051","number_of_non_nutritive_visits",0.427123467567142
"7060","number_of_non_nutritive_visits",0.363618071865114
"7064","number_of_non_nutritive_visits",0.358079638192811
"7065","number_of_non_nutritive_visits",0.341806212494659
"7068","number_of_non_nutritive_visits",0.364289479405895
"7078","number_of_non_nutritive_visits",0.313331951021671
"7109","number_of_non_nutritive_visits",0.388773184485499
"7110","number_of_non_nutritive_visits",0.389122505420602
"7114","number_of_non_nutritive_visits",0.284597480966449
"7115","number_of_non_nutritive_visits",0.381211933586436
"7116","number_of_non_nutritive_visits",0.358324170539405
"7119","number_of_non_nutritive_visits",0.327656742905303
"7128","number_of_non_nutritive_visits",0.29834428787985
"7136","number_of_non_nutritive_visits",0.341958161266678
"7138","number_of_non_nutritive_visits",0.244904581859387
"7139","number_of_non_nutritive_visits",0.343815183567929
"7143","number_of_non_nutritive_visits",0.444406286784144
"7146","number_of_non_nutritive_visits",0.373115734521761
"7150","number_of_non_nutritive_visits",0.31799641486086
"7153","number_of_non_nutritive_visits",0.411261037458483
"7159","number_of_non_nutritive_visits",0.286054137775595
"7163","number_of_non_nutritive_visits",0.327161903690107
"7169","number_of_non_nutritive_visits",0.309545404976113
"8015","number_of_non_nutritive_visits",0.357037940299696
"8083","number_of_non_nutritive_visits",0.34381700988008
"8145","number_of_non_nutritive_visits",0.366751975683476
"8146","number_of_non_nutritive_visits",0.284506968528451
"8154","number_of_non_nutritive_visits",0.27766188356232
"9010","number_of_non_nutritive_visits",0.300368084894915
"9012","number_of_non_nutritive_visits",0.31375947942902
"2007","median_pct_feed_remaining",12.5352649997278
"2051","median_pct_feed_remaining",13.919541025737
"2063","median_pct_feed_remaining",12.6863663591445
"3067","median_pct_feed_remaining",16.6097146779937
"3117","median_pct_feed_remaining",11.5009362750715
"3131","median_pct_feed_remaining",12.0890565772312
"3150","median_pct_feed_remaining",9.88288679793346
"4001","median_pct_feed_remaining",11.7107537872164
"4008","median_pct_feed_remaining",10.5989663263597
"4026","median_pct_feed_remaining",11.7914066062908
"4044","median_pct_feed_remaining",11.5066087291317
"4057","median_pct_feed_remaining",10.4163463854687
"4072","median_pct_feed_remaining",11.8148057877025
"4080","median_pct_feed_remaining",10.1436684588149
"5005","median_pct_feed_remaining",15.9684145645381
"5041","median_pct_feed_remaining",12.2237927941961
"5042","median_pct_feed_remaining",8.83008512595851
"5061","median_pct_feed_remaining",9.63288935632996
"5064","median_pct_feed_remaining",12.1298823678622
"5096","median_pct_feed_remaining",11.5608638278305
"5100","median_pct_feed_remaining",10.178249971628
"5118","median_pct_feed_remaining",12.2648573064846
"5120","median_pct_feed_remaining",13.2253287181679
"5123","median_pct_feed_remaining",14.1666541373649
"5124","median_pct_feed_remaining",13.1887123285442
"5133","median_pct_feed_remaining",12.9668194030335
"5135","median_pct_feed_remaining",15.3034999496479
"5137","median_pct_feed_remaining",16.603925985058
"5139","median_pct_feed_remaining",14.2447838171115
"5140","median_pct_feed_remaining",12.3768358471368
"5145","median_pct_feed_remaining",16.3541998308363
"6004","median_pct_feed_remaining",15.0965426312496
"6005","median_pct_feed_remaining",10.9052108415755
"6011","median_pct_feed_remaining",10.5419661580565
"6022","median_pct_feed_remaining",10.2836208857674
"6025","median_pct_feed_remaining",10.4537677487145
"6027","median_pct_feed_remaining",9.46706256382905
"6028","median_pct_feed_remaining",12.6434981281948
"6029","median_pct_feed_remaining",12.9922606434798
"6033","median_pct_feed_remaining",11.8526380776317
"6041","median_pct_feed_remaining",12.2368685442773
"6043","median_pct_feed_remaining",10.1744036003269
"6050","median_pct_feed_remaining",13.12760892691
"6055","median_pct_feed_remaining",13.0261212611787
"6062","median_pct_feed_remaining",13.5472074277532
"6067","median_pct_feed_remaining",11.0905538064486
"6068","median_pct_feed_remaining",13.5371939141505
"6069","median_pct_feed_remaining",16.8640608321409
"6079","median_pct_feed_remaining",14.8747027179784
"6084","median_pct_feed_remaining",13.0378685036729
"6086","median_pct_feed_remaining",13.6513319333882
"6087","median_pct_feed_remaining",14.0145216985306
"6090","median_pct_feed_remaining",9.95286568175267
"6092","median_pct_feed_remaining",14.2681812560135
"6093","median_pct_feed_remaining",10.3178583634366
"6096","median_pct_feed_remaining",14.5869367268875
"6125","median_pct_feed_remaining",12.155130805021
"6126","median_pct_feed_remaining",14.292113670177
"6129","median_pct_feed_remaining",12.3031805056806
"6130","median_pct_feed_remaining",12.5391968012325
"6131","median_pct_feed_remaining",11.1915846769103
"6134","median_pct_feed_remaining",11.4331744174111
"7010","median_pct_feed_remaining",15.7020362281032
"7018","median_pct_feed_remaining",12.1858022324252
"7019","median_pct_feed_remaining",10.5328441732198
"7022","median_pct_feed_remaining",13.7543374359738
"7023","median_pct_feed_remaining",10.3063541780987
"7024","median_pct_feed_remaining",11.8236071821469
"7025","median_pct_feed_remaining",12.5724308020533
"7027","median_pct_feed_remaining",10.3971719954961
"7029","median_pct_feed_remaining",14.6242674728776
"7030","median_pct_feed_remaining",10.1598414032581
"7033","median_pct_feed_remaining",8.87174266539845
"7039","median_pct_feed_remaining",11.6253176279335
"7043","median_pct_feed_remaining",13.0578900227633
"7045","median_pct_feed_remaining",12.0362308686895
"7048","median_pct_feed_remaining",10.9097262404999
"7051","median_pct_feed_remaining",13.2837848463041
"7060","median_pct_feed_remaining",12.6560698757166
"7064","median_pct_feed_remaining",14.3849534277838
"7065","median_pct_feed_remaining",10.7618083581882
"7068","median_pct_feed_remaining",11.8537651840532
"7078","median_pct_feed_remaining",12.2243077060526
"7109","median_pct_feed_remaining",11.0275060407087
"7110","median_pct_feed_remaining",11.8656572866117
"7114","median_pct_feed_remaining",11.7572882625969
"7115","median_pct_feed_remaining",11.2526091806278
"7116","median_pct_feed_remaining",12.8945328500161
"7119","median_pct_feed_remaining",12.4578064080314
"7128","median_pct_feed_remaining",10.8698089343566
"7136","median_pct_feed_remaining",10.4379082075224
"7138","median_pct_feed_remaining",12.186786494546
"7139","median_pct_feed_remaining",12.0623928454811
"7143","median_pct_feed_remaining",12.1628419279563
"7146","median_pct_feed_remaining",11.3504506690935
"7150","median_pct_feed_remaining",12.48373873517
"7153","median_pct_feed_remaining",15.9330874206318
"7159","median_pct_feed_remaining",13.5394254685084
"7163","median_pct_feed_remaining",11.0331526961148
"7169","median_pct_feed_remaining",11.788793855462
"8015","median_pct_feed_remaining",12.6893273785737
"8083","median_pct_feed_remaining",12.3846237839294
"8145","median_pct_feed_remaining",12.0332167345088
"8146","median_pct_feed_remaining",11.5580311279824
"8154","median_pct_feed_remaining",10.1468480964079
"9010","median_pct_feed_remaining",9.87450661419282
"9012","median_pct_feed_remaining",12.5124649522057
"2007","median_non_nutritive_per_meal",0.35635137421323
"2051","median_non_nutritive_per_meal",0.378458978317785
"2063","median_non_nutritive_per_meal",0.368185247334226
"3067","median_non_nutritive_per_meal",0.396042086665653
"3117","median_non_nutritive_per_meal",0.382722119141433
"3131","median_non_nutritive_per_meal",0.364818308079168
"3150","median_non_nutritive_per_meal",0.363667303870795
"4001","median_non_nutritive_per_meal",0.397171438687668
"4008","median_non_nutritive_per_meal",0.398108287147339
"4026","median_non_nutritive_per_meal",0.371593276289066
"4044","median_non_nutritive_per_meal",0.35383033189677
"4057","median_non_nutritive_per_meal",0.384191175041511
"4072","median_non_nutritive_per_meal",0.380867222820623
"4080","median_non_nutritive_per_meal",0.356454502573721
"5005","median_non_nutritive_per_meal",0.391539165802678
"5041","median_non_nutritive_per_meal",0.39038814811491
"5042","median_non_nutritive_per_meal",0.3716823614206
"5061","median_non_nutritive_per_meal",0.37288117936083
"5064","median_non_nutritive_per_meal",0.383531552709693
"5096","median_non_nutritive_per_meal",0.373307971236368
"5100","median_non_nutritive_per_meal",0.337752328714224
"5118","median_non_nutritive_per_meal",0.378276212625162
"5120","median_non_nutritive_per_meal",0.402169926498393
"5123","median_non_nutritive_per_meal",0.424588034360195
"5124","median_non_nutritive_per_meal",0.375864232946695
"5133","median_non_nutritive_per_meal",0.364408142553958
"5135","median_non_nutritive_per_meal",0.374398646093453
"5137","median_non_nutritive_per_meal",0.362486195010043
"5139","median_non_nutritive_per_meal",0.371187034965705
"5140","median_non_nutritive_per_meal",0.351765057291974
"5145","median_non_nutritive_per_meal",0.369838103713488
"6004","median_non_nutritive_per_meal",0.390914757141121
"6005","median_non_nutritive_per_meal",0.357434744750102
"6011","median_non_nutritive_per_meal",0.363248284809413
"6022","median_non_nutritive_per_meal",0.371120132148848
"6025","median_non_nutritive_per_meal",0.367336674579335
"6027","median_non_nutritive_per_meal",0.37907832973319
"6028","median_non_nutritive_per_meal",0.389216996324913
"6029","median_non_nutritive_per_meal",0.384377670526235
"6033","median_non_nutritive_per_meal",0.37633871384895
"6041","median_non_nutritive_per_meal",0.387707968932994
"6043","median_non_nutritive_per_meal",0.36265861416802
"6050","median_non_nutritive_per_meal",0.373712710319008
"6055","median_non_nutritive_per_meal",0.342044612540055
"6062","median_non_nutritive_per_meal",0.375420920972273
"6067","median_non_nutritive_per_meal",0.375486501566783
"6068","median_non_nutritive_per_meal",0.372299781517855
"6069","median_non_nutritive_per_meal",0.403826424626676
"6079","median_non_nutritive_per_meal",0.380555564142829
"6084","median_non_nutritive_per_meal",0.416163284267807
"6086","median_non_nutritive_per_meal",0.392139359690944
"6087","median_non_nutritive_per_meal",0.387466720718093
"6090","median_non_nutritive_per_meal",0.351797882849776
"6092","median_non_nutritive_per_meal",0.41635124971494
"6093","median_non_nutritive_per_meal",0.365706513338306
"6096","median_non_nutritive_per_meal",0.378971830002759
"6125","median_non_nutritive_per_meal",0.363412969774589
"6126","median_non_nutritive_per_meal",0.385281331278358
"6129","median_non_nutritive_per_meal",0.389733043436966
"6130","median_non_nutritive_per_meal",0.323107943475789
"6131","median_non_nutritive_per_meal",0.370103107468156
"6134","median_non_nutritive_per_meal",0.368765527268234
"7010","median_non_nutritive_per_meal",0.367598605400306
"7018","median_non_nutritive_per_meal",0.351111114925161
"7019","median_non_nutritive_per_meal",0.390302426916507
"7022","median_non_nutritive_per_meal",0.40309078403057
"7023","median_non_nutritive_per_meal",0.347234162830224
"7024","median_non_nutritive_per_meal",0.409125075646789
"7025","median_non_nutritive_per_meal",0.34781575657606
"7027","median_non_nutritive_per_meal",0.340545095539093
"7029","median_non_nutritive_per_meal",0.395624381571236
"7030","median_non_nutritive_per_meal",0.35495241450881
"7033","median_non_nutritive_per_meal",0.35583308009591
"7039","median_non_nutritive_per_meal",0.390711212872954
"7043","median_non_nutritive_per_meal",0.414787646742893
"7045","median_non_nutritive_per_meal",0.401337972161428
"7048","median_non_nutritive_per_meal",0.38179378227421
"7051","median_non_nutritive_per_meal",0.382564083280668
"7060","median_non_nutritive_per_meal",0.406283873710547
"7064","median_non_nutritive_per_meal",0.376498964862784
"7065","median_non_nutritive_per_meal",0.365102445265457
"7068","median_non_nutritive_per_meal",0.364647657159425
"7078","median_non_nutritive_per_meal",0.371397260035177
"7109","median_non_nutritive_per_meal",0.38547031381703
"7110","median_non_nutritive_per_meal",0.382509951656134
"7114","median_non_nutritive_per_meal",0.365279672979282
"7115","median_non_nutritive_per_meal",0.388016782824843
"7116","median_non_nutritive_per_meal",0.35567814729969
"7119","median_non_nutritive_per_meal",0.38101028252334
"7128","median_non_nutritive_per_meal",0.361895695544619
"7136","median_non_nutritive_per_meal",0.360248199504835
"7138","median_non_nutritive_per_meal",0.35257605609656
"7139","median_non_nutritive_per_meal",0.357953001649379
"7143","median_non_nutritive_per_meal",0.394922416695547
"7146","median_non_nutritive_per_meal",0.3810258945196
"7150","median_non_nutritive_per_meal",0.360697105583651
"7153","median_non_nutritive_per_meal",0.379126495972901
"7159","median_non_nutritive_per_meal",0.351095191807755
"7163","median_non_nutritive_per_meal",0.362489798772645
"7169","median_non_nutritive_per_meal",0.366693869830852
"8015","median_non_nutritive_per_meal",0.351428041076212
"8083","median_non_nutritive_per_meal",0.36894981974238
"8145","median_non_nutritive_per_meal",0.377035639121371
"8146","median_non_nutritive_per_meal",0.36820641763251
"8154","median_non_nutritive_per_meal",0.376928904691857
"9010","median_non_nutritive_per_meal",0.347832174625259
"9012","median_non_nutritive_per_meal",0.350844677270565
"2007","total_actor",0.389067882054193
"2051","total_actor",0.374652439471364
"2063","total_actor",0.382236121312218
"3067","total_actor",0.505918910464949
"3117","total_actor",0.397065183112986
"3131","total_actor",0.554128375793301
"3150","total_actor",0.498068430807096
"4001","total_actor",0.370510969277271
"4008","total_actor",0.481897277473096
"4026","total_actor",0.39262967839703
"4044","total_actor",0.40772207202118
"4057","total_actor",0.371305124464749
"4072","total_actor",0.454887321847106
"4080","total_actor",0.305400303346931
"5005","total_actor",0.445973955178765
"5041","total_actor",0.364860630877287
"5042","total_actor",0.291553530786547
"5061","total_actor",0.340867279160432
"5064","total_actor",0.362457725460324
"5096","total_actor",0.361847238622639
"5100","total_actor",0.347907203572509
"5118","total_actor",0.476271401390308
"5120","total_actor",0.314858186821
"5123","total_actor",0.446471051577969
"5124","total_actor",0.39657914052855
"5133","total_actor",0.361819230064781
"5135","total_actor",0.392083808948879
"5137","total_actor",0.486380456291658
"5139","total_actor",0.444240235130587
"5140","total_actor",0.489922665655327
"5145","total_actor",0.521965610794819
"6004","total_actor",0.393968038535579
"6005","total_actor",0.372569372939646
"6011","total_actor",0.421076170329753
"6022","total_actor",0.334845209006617
"6025","total_actor",0.400782796827516
"6027","total_actor",0.381478049996009
"6028","total_actor",0.327778397731205
"6029","total_actor",0.432924627386803
"6033","total_actor",0.399679272549927
"6041","total_actor",0.451808140836806
"6043","total_actor",0.269921764850942
"6050","total_actor",0.348755065313774
"6055","total_actor",0.48854843436184
"6062","total_actor",0.449275292161103
"6067","total_actor",0.392234918293371
"6068","total_actor",0.365670253546633
"6069","total_actor",0.339094948536129
"6079","total_actor",0.492562842063612
"6084","total_actor",0.398748147695899
"6086","total_actor",0.404221922634366
"6087","total_actor",0.423694634926784
"6090","total_actor",0.684847770715864
"6092","total_actor",0.613518583169963
"6093","total_actor",0.336619125351361
"6096","total_actor",0.495883731529729
"6125","total_actor",0.395028102898197
"6126","total_actor",0.433475151767425
"6129","total_actor",0.461385636173035
"6130","total_actor",0.560120593035596
"6131","total_actor",0.431420369492954
"6134","total_actor",0.353297562970281
"7010","total_actor",0.317337065917138
"7018","total_actor",0.382791130438097
"7019","total_actor",0.306729626604893
"7022","total_actor",0.422584409001859
"7023","total_actor",0.415847052713621
"7024","total_actor",0.661379214500344
"7025","total_actor",0.503159484892999
"7027","total_actor",0.439881053049389
"7029","total_actor",0.532708112215939
"7030","total_actor",0.386368636425698
"7033","total_actor",0.532921576903902
"7039","total_actor",0.595886378204611
"7043","total_actor",0.494501103044569
"7045","total_actor",0.522115419003045
"7048","total_actor",0.372398505895774
"7051","total_actor",0.610593070872043
"7060","total_actor",0.477101296764459
"7064","total_actor",0.54522797546044
"7065","total_actor",0.342958357274363
"7068","total_actor",0.506799048870204
"7078","total_actor",0.464948969176861
"7109","total_actor",0.53498401874245
"7110","total_actor",0.351157037912506
"7114","total_actor",0.457241270884253
"7115","total_actor",0.365991604556388
"7116","total_actor",0.470180824357568
"7119","total_actor",0.361547789300366
"7128","total_actor",0.490863516270883
"7136","total_actor",0.387037268357516
"7138","total_actor",0.352493251422613
"7139","total_actor",0.545677742025265
"7143","total_actor",0.368888082684962
"7146","total_actor",0.446339355630216
"7150","total_actor",0.339280794674711
"7153","total_actor",0.357370898494006
"7159","total_actor",0.414037581966926
"7163","total_actor",0.327658657669769
"7169","total_actor",0.334646620558079
"8015","total_actor",0.444746736263781
"8083","total_actor",0.530833495065963
"8145","total_actor",0.347396839757347
"8146","total_actor",0.471348378417883
"8154","total_actor",0.374820352441263
"9010","total_actor",0.453555829325403
"9012","total_actor",0.444408983123018
"2007","total_reactor",0.348919131826494
"2051","total_reactor",0.436447827378224
"2063","total_reactor",0.420496273520218
"3067","total_reactor",0.373959310144477
"3117","total_reactor",0.356118770053271
"3131","total_reactor",0.399122027281827
"3150","total_reactor",0.374429535652883
"4001","total_reactor",0.454011709046782
"4008","total_reactor",0.364783585139202
"4026","total_reactor",0.409559994671151
"4044","total_reactor",0.401674969762199
"4057","total_reactor",0.394845752292669
"4072","total_reactor",0.463538063472749
"4080","total_reactor",0.356810960999728
"5005","total_reactor",0.48990783230739
"5041","total_reactor",0.488939861712925
"5042","total_reactor",0.354656155654292
"5061","total_reactor",0.392107007502465
"5064","total_reactor",0.401827675479004
"5096","total_reactor",0.506967480176359
"5100","total_reactor",0.418502462924822
"5118","total_reactor",0.394826409352999
"5120","total_reactor",0.522087679957219
"5123","total_reactor",0.395987926435298
"5124","total_reactor",0.432172684458863
"5133","total_reactor",0.351065146871706
"5135","total_reactor",0.442297317835525
"5137","total_reactor",0.429451860763667
"5139","total_reactor",0.393659839189721
"5140","total_reactor",0.371235857757423
"5145","total_reactor",0.386168088555968
"6004","total_reactor",0.384263264416468
"6005","total_reactor",0.427849246183558
"6011","total_reactor",0.418228186337469
"6022","total_reactor",0.428148176229872
"6025","total_reactor",0.394516227145823
"6027","total_reactor",0.412574233898897
"6028","total_reactor",0.454357923932667
"6029","total_reactor",0.532829269455566
"6033","total_reactor",0.430701400975923
"6041","total_reactor",0.355185120647221
"6043","total_reactor",0.360729430026888
"6050","total_reactor",0.47785877983746
"6055","total_reactor",0.421034360599716
"6062","total_reactor",0.349815387039275
"6067","total_reactor",0.466830624296987
"6068","total_reactor",0.400683030962549
"6069","total_reactor",0.411044626366121
"6079","total_reactor",0.399519926118763
"6084","total_reactor",0.379555842735576
"6086","total_reactor",0.392655922595554
"6087","total_reactor",0.410185998196548
"6090","total_reactor",0.418627123771151
"6092","total_reactor",0.399856393828223
"6093","total_reactor",0.385057951396995
"6096","total_reactor",0.360612720659004
"6125","total_reactor",0.523319312743166
"6126","total_reactor",0.382196656029154
"6129","total_reactor",0.428405190404922
"6130","total_reactor",0.384911099386065
"6131","total_reactor",0.379837476634993
"6134","total_reactor",0.419042153751674
"7010","total_reactor",0.532166609451678
"7018","total_reactor",0.389453207459158
"7019","total_reactor",0.354523920181
"7022","total_reactor",0.418644929329765
"7023","total_reactor",0.334770645425549
"7024","total_reactor",0.455355862560815
"7025","total_reactor",0.325037186575508
"7027","total_reactor",0.385329494043748
"7029","total_reactor",0.455531648914097
"7030","total_reactor",0.370029342560707
"7033","total_reactor",0.358207775511891
"7039","total_reactor",0.400152106464004
"7043","total_reactor",0.407311490738666
"7045","total_reactor",0.375114147533818
"7048","total_reactor",0.399519940370977
"7051","total_reactor",0.42146930262755
"7060","total_reactor",0.381819802835733
"7064","total_reactor",0.348785726031966
"7065","total_reactor",0.359599362351614
"7068","total_reactor",0.334348022331307
"7078","total_reactor",0.366046493991348
"7109","total_reactor",0.332167179106121
"7110","total_reactor",0.364804548948372
"7114","total_reactor",0.349704406795223
"7115","total_reactor",0.355260696091735
"7116","total_reactor",0.404265061817943
"7119","total_reactor",0.434671058947175
"7128","total_reactor",0.480754917769222
"7136","total_reactor",0.346947482394583
"7138","total_reactor",0.391639605162555
"7139","total_reactor",0.393260683555428
"7143","total_reactor",0.424393502075471
"7146","total_reactor",0.340663140087861
"7150","total_reactor",0.377966020133908
"7153","total_reactor",0.340803492535043
"7159","total_reactor",0.420250901067049
"7163","total_reactor",0.447133852107809
"7169","total_reactor",0.372402937206106
"8015","total_reactor",0.576389951784885
"8083","total_reactor",0.376626270170396
"8145","total_reactor",0.35833334073198
"8146","total_reactor",0.328931149249131
"8154","total_reactor",0.300638180525357
"9010","total_reactor",0.410204646516443
"9012","total_reactor",0.30772270987831
