"cow","int_feed_intake","int_feed_duration","int_feed_visits","int_water_intake","int_water_duration","int_water_visits","int_total_meals","int_median_meal_duration","int_median_visit_per_meal","int_median_intake_per_meal","int_median_feeding_pct_per_meal","int_number_of_non_nutritive_visits","int_median_pct_feed_remaining","int_median_non_nutritive_per_meal","int_total_actor","int_total_reactor","int_median_water_rate"
"2007",69.2145516960405,20579.8930632255,76.8364041641714,59.9741659669333,480.485592813972,9.63996366972739,6.92655772065102,3318.61521289318,9.80363032251305,8.08608135266127,83.5912089723476,27.034801936308,30.0361140265432,2.91916449525704,25.8814644571459,46.2335765764417,0.16553187536301
"2051",59.9938782086372,21279.1694760288,71.0239196395949,46.4129798979614,1098.72867416919,11.5381383455377,6.214141567419,3871.5312765143,9.55495323437521,7.75722717232563,89.8654520029482,27.8757983558538,32.4841816384197,3.5143162429258,21.5638450477668,36.3587727266823,0.0297420248078417
"2063",58.2363622172497,20595.6160673322,117.918383714094,40.0428324947831,928.740882762127,8.53445479535114,5.6981055390813,4764.36684005586,16.0314536246433,7.78306290255428,73.5696187221942,65.8926631025892,40.2780521416352,8.34399681641135,28.522970909965,31.8907304856874,0.0434921456903035
"3067",70.2891973944144,20766.1434647445,58.0887758489415,64.4233556551402,322.851107429065,5.57986781146032,5.95504985563363,3729.2894195433,8.00650833079187,9.61180728390813,92.0091591931166,14.3422023692105,30.0853191650291,1.74327729377485,11.4991859726217,34.499307135634,0.246293652292721
"3117",68.7299148315899,21036.2150931945,94.7557927093771,58.0516737745329,413.90349804846,6.78471877951064,4.5297726096788,5114.54074542775,16.8221643725381,11.538065167152,85.6934325142589,42.6747711172347,45.6010329031844,7.22298921186051,16.8292567327628,46.9337985781423,0.183099872752257
"3131",62.9196129120211,19841.3010250827,99.5345440608081,55.6723534932594,806.671332385262,10.3970510987117,5.50736487365965,4436.84082504663,14.6973306481124,8.78463242838019,76.6870037894457,42.9514849619824,37.276955439102,6.04553321921672,10.5444132732045,49.5488728570822,0.0630046704570202
"3150",64.9225795609723,23970.6916602563,68.6299414849941,72.634317827674,709.577570436487,11.1717976826549,8.42764435616971,3231.51135805065,5.98532407592937,5.85665196626622,92.4992954004864,25.3331955582353,39.8604445059625,2.25548874942635,23.276545772883,44.9111766087067,0.10553368028321
"4001",64.8800682914795,19419.9451050015,156.895421833412,52.1255365804911,595.05057879897,9.2551504275804,6.39472997119057,3691.21571873107,19.1432737826156,7.54814088932001,72.2486314186372,107.113260197175,30.5369863875103,12.0516484108251,31.2558887110282,33.9515602154426,0.0641390831699022
"4008",64.0413426449925,20137.897820175,128.893274704371,56.3106628372619,709.696048680954,8.99064562561046,5.93327395494353,4322.0660928315,17.1164622464537,8.18218167433816,73.274333294898,72.110364207417,33.0961745208201,9.20580095461239,15.4911998000047,46.644641933828,0.0996971195083916
"4026",62.3587779785707,22834.2859589112,78.9678805017964,60.7049509154918,702.063677285501,6.35885017559388,7.52841484096809,3469.21813618085,8.30265748105282,5.88598660495508,83.1385153320469,36.1250171974212,33.3035591255788,3.43489458287168,23.0946332854788,28.898220193927,0.0959411568218307
"4044",62.5428522409427,18857.7970566925,95.632623316468,57.3363274544167,395.034381886598,7.71253877768522,5.51533283946051,4421.51665843478,15.2611909742661,9.39168424899912,74.7518003099543,46.2463114091112,43.1949803617368,6.64479152456922,16.0857188947531,29.8895788977591,0.182727297834282
"4057",62.0499743807933,23819.2657939138,75.1718455034255,84.622901573527,754.865727730574,12.7095883003321,6.20101578560603,4561.21507856855,10.0811649768372,7.78518371426486,90.1561692385433,32.958054732874,34.1007660882548,4.0871420380837,12.5628137495179,39.9253608469368,0.103363659491902
"4072",64.373966890421,19272.0107665551,105.926648801719,49.8607313620063,711.648537574946,11.875925480905,6.88913196774342,3366.22165297113,12.7846012362352,7.57663749365577,79.7655555367024,52.6527080976718,36.3855753372358,5.87338669023957,31.4354316171751,53.1654381728853,0.0500974561969185
"4080",64.2831967595937,19800.7267715655,104.744573494026,53.6624750881617,755.163876673165,12.7748384088538,8.68849492572881,2630.86921391981,9.41115940015156,5.64945840258623,79.8128739626664,57.2001021089175,34.7826554006129,4.80177943626253,27.3393543080213,48.8636968357173,0.0701437173914223
"5005",59.3038055900449,21603.769022498,38.7669043559102,21.3069296301782,795.775158862653,7.70989682478444,5.28961352252904,3520.8882089719,5.04308014887203,6.91891056037768,96.092519165603,11.3499400473027,42.2079590366083,1.62486564128369,10.1708487439664,6.38634073306582,0.0403004988885063
"5041",65.8101414249908,24661.5303763066,139.167166176492,58.0653951634212,1201.47830033518,9.90923064821923,7.29054863154758,4532.51530650942,15.4588242851506,7.1645020762964,81.2381562506638,79.3569055131378,26.3476120695954,7.99440155884234,38.3304123926823,35.7511723958589,0.0428741374950472
"5042",72.4987572808866,18627.7940809097,205.625204217444,61.5713446132814,824.955881429966,11.874511051861,5.6347473002701,5520.29596948632,30.5357123126939,10.4325623587666,57.2075543561041,161.710309642783,41.0878551108473,22.3178127272735,48.7270564422211,62.6723387860473,0.051613014080609
"5061",64.7181365847997,20683.3914655339,91.8038055796991,70.2071936232008,651.197015455826,9.91260957930731,4.93308593918426,5252.22048790007,16.6404644292081,10.3554596986287,83.2176602632626,37.3182044982161,43.4326307681858,6.46287860035935,34.412373663844,40.267221425594,0.109406823770619
"5064",66.0054517706864,20891.6331230264,82.0500475777949,66.0209543926881,727.100055117207,8.48652692059791,5.59968795662429,4629.0320249355,12.8570755184578,9.33018184026836,80.9385790423819,33.4844507163267,38.0646906297428,4.80377169488483,19.4612700556638,26.7120118491459,0.0959667271941786
"5096",55.6607300653357,18239.1505638402,84.6841898417753,38.3331476280447,590.141793345398,6.41577315423404,8.53830178065058,2598.1861835473,8.07945197080521,4.93083915848595,77.311731592273,40.4692266403186,37.2056319885193,3.65986510372979,26.7999551430531,20.2097607483256,0.0847623364218211
"5100",61.3155207074525,21978.0665462016,126.371099255133,52.5832300922604,425.170413470522,9.50353432996237,7.80080055447519,3504.19132413558,12.243375928679,5.69409209094626,77.5661506805616,74.3094017550833,27.4567378402507,6.7874966548981,25.8493850760613,26.5631486343421,0.152163188197558
"5118",63.0046860021039,23169.1715312756,75.3679063134271,65.0278191846927,1063.74627039958,7.03330578290165,4.94744256124428,5865.5682220858,12.2566703105251,9.78364121398401,82.0252982409996,25.2424165093946,38.7586098556433,3.8071377136759,13.5801903055518,33.6798171332705,0.0405153941348513
"5120",69.6036578168966,21793.6896430287,89.568259409406,58.9728964214851,743.939042800272,8.99973101647869,5.7654455088363,4406.16661950059,12.4896575454433,9.54638541966173,84.9441046751473,33.5004980180871,30.6830193770156,4.24191822873492,37.8040037542673,12.5287563190689,0.0884336758929161
"5123",77.2179939246919,24853.9752032403,99.9226911585663,94.156523221737,539.142624317149,11.3136514784719,4.86417404614342,6077.561442332,16.3520371152577,12.6353882165479,84.0709134872196,41.7195457970377,38.6165556129055,6.27656658740892,35.6889780812388,55.7146558437236,0.18147570339364
"5124",62.0831635239154,24370.092423851,97.5253442249679,40.8504171729911,1215.27383052717,17.1725146731092,6.11480507264858,4676.02177454548,11.8873608499698,7.30387761489604,84.8462884751808,48.918346613425,33.7851834159809,5.59346395051647,35.8945671692843,37.3712225924934,0.039405811133651
"5133",66.9792212959118,21019.9767239358,107.805098251078,58.6882249231332,503.328841884539,7.49702395034835,5.16711216980028,4727.46188995285,16.8446155715703,9.88597773197909,83.898951241576,53.3067740351194,34.5630929166896,7.88167854243918,44.1026969439293,63.0582335851028,0.129005050048026
"5135",74.1920037464546,20304.9662018796,100.480286778379,58.8411626331667,433.128353481934,8.58335643363739,5.43081553498369,4328.32055179318,15.0912649153699,10.4101088639404,80.1414636940545,38.6603047873723,43.0069042579893,5.57221874554759,26.9466952922013,27.2676824639696,0.150168050526628
"5137",63.9103509765075,18404.2127223923,90.1586658541138,46.9604675056804,387.274825361947,9.98135340671683,5.04828958773049,4432.26859604622,15.208840765181,10.4362129169749,76.7304767537142,35.0788574059551,34.9876174758754,5.62218762825059,21.1808366684895,41.8046511729573,0.151529498320684
"5139",65.8432747645781,20506.7874811152,66.3255381074079,55.1703785325915,405.170030762364,7.79633398662003,6.42283703772466,3190.50931735939,7.67818138532744,7.47892703600699,89.4325121013572,20.8288929447666,35.9882672643591,2.26699263849057,25.7052451267621,49.7068678215987,0.154498925477801
"5140",63.9030895448977,19311.9310389042,133.724367599458,41.4611694915242,600.784273200474,9.96525763522181,6.9787569054649,3736.26206678583,16.1657439623607,7.09018044189249,70.9833819236819,76.96217518226,41.0897812929927,8.98572492276394,25.5433362649538,57.5194689336746,0.0933117924696487
"5145",65.7803673394002,17871.2851719481,125.263369590167,56.7831551020138,387.685290910381,8.28359451495192,7.08907525081381,3081.34416587724,14.6525166937813,7.43615965433577,72.6460271608053,65.1203480875073,32.9232072778981,7.13148977693051,17.011183059788,42.7733975607951,0.153886561335848
"6004",62.6003040228117,20962.0144089288,55.5924221980988,45.6261022341305,422.311627588282,5.95990669371421,5.24713395695087,4177.5151102849,8.11639496964063,9.15867099336536,91.7046502346782,13.7776250646317,26.6973053008715,1.9466726871974,17.5664536103748,26.2040945057534,0.143830084902549
"6005",67.8585750994746,21117.6035019582,118.178648157223,68.6874467476013,580.343069599531,7.51157516211796,6.81219175885291,4060.43501074526,14.8370019628627,8.32035590689315,79.9153906304704,57.4975879450847,44.0072475645579,6.68666553676088,29.2562549448826,33.4686820264694,0.127812653752829
"6011",67.3103026646779,22904.5404387163,186.62546684352,61.7445870008805,465.619793511663,7.00175411998397,7.27814671451414,4052.03172549776,20.2585132997227,6.73938370574896,79.2218831839459,131.331818098708,35.9683118011254,13.1972132788453,36.324818278469,35.8088704745333,0.142042084901548
"6022",77.4999847256854,23210.9262477824,100.164996450997,95.8842828672595,921.580099301719,12.3144726042116,9.14391889377319,3095.90601414558,8.34503332997938,7.00867633154328,85.4075114547721,37.9304334603225,25.6989239916163,3.02515319489193,34.3064821032035,39.3216850261666,0.0663431750605643
"6025",70.8250007286079,21678.4633565972,74.2168309292953,97.2871178162478,1677.97402032477,11.7493849093812,7.38530859014561,3533.66523716238,7.88961288843925,7.62775609244469,85.5066302779272,27.4292168977287,43.3015970007002,2.95541070420526,17.6298546451014,34.5925019949115,0.0190695822542339
"6027",69.1517629329551,22608.0394192135,136.838417888492,63.7534066281138,529.698150847031,11.1822273709191,6.18433531961282,4519.42769640186,17.3448285412155,8.70294274604004,79.5439232088106,76.2770202304031,29.0591987544292,8.76937174992295,32.4749725525972,43.0685630051069,0.123411443963112
"6028",70.6259107566798,22739.1639801847,114.374680690434,72.4616329871435,938.70357026535,9.07975664922495,6.34845015700596,4408.04076936155,14.6265478775425,8.45829161300832,81.0169059297855,50.5330661679756,26.1436349767444,6.11225052562261,55.3435680777676,33.0735538964762,0.06644634216568
"6029",72.6413712374057,20912.4975621837,74.2338636718515,71.3566997513991,790.56033448844,7.93295023361204,6.14730615884784,4239.81925481295,9.83409210029989,9.53309226095998,77.64650661662,21.2913199767911,39.1882373322743,2.70864388712761,22.373871305032,18.2103812678623,0.0962759036174623
"6033",58.5482298509617,20142.1890120447,104.708400403335,29.6628902299619,666.342926720817,10.5863061790582,5.49787983082914,4610.22586155205,15.5344455451513,7.91212931024836,75.0887227379462,58.6297590916398,45.6498387685845,8.40456762020768,33.3147427792153,28.268608744042,0.0669564709322594
"6041",66.4198480937175,23196.378431411,102.791617331482,63.5969010198729,347.919655282788,7.61224418865649,6.17928101690041,4343.83241374348,13.5739911884742,8.552687254943,88.2641721778187,49.6863210444435,28.4083821667348,6.01725280084467,22.3441378836777,33.295361834612,0.208393145517106
"6043",59.8740538860027,18975.387943264,60.5482790988469,43.2982555165503,495.382462891124,6.22555215115784,5.80954017315388,3451.30527511582,8.31079415517911,7.68162203475863,89.2187565004012,22.2436320608697,42.5039234819754,2.96543057992651,38.7940531649185,34.5816407072686,0.10806437020077
"6050",59.1925834499652,20658.4773990231,88.0043026805839,50.4530964133508,831.869464381075,8.2764978614617,5.47615781407495,4411.40153264256,12.8836333655037,8.5445088731566,81.6282476949875,36.4869252426407,30.6497885309183,4.87825256449526,37.4366475943242,29.5339864981033,0.0643258986787116
"6055",60.5909356564255,19959.4351558281,131.167701395139,43.8070942312981,367.973253155885,9.53149865154741,7.64083900568767,3286.76786838443,14.046635654243,6.09560695409541,77.0999178155133,76.8510767816805,28.4334555367644,7.42689405802478,17.4942597502798,35.9075896017461,0.14979838891665
"6062",71.1648287792273,22620.6657772223,91.8436407889191,78.1713298713725,864.525980219963,12.4912439052591,7.46773086318942,3637.2284216772,9.93870725377262,7.8237100886246,85.4598904112068,38.3916336456881,34.9651660099603,3.95611133939153,15.8809105197716,46.0745681289863,0.0788259789292085
"6067",70.6030286833862,21662.8761492231,82.9368953897231,62.5370410128791,906.513517893902,10.8762768931737,7.54036478546847,3392.37483345953,7.93509757034678,7.27875921172055,81.366366450915,31.0546338509497,28.4769767455897,2.9412018821612,30.1611138252093,26.4536104841205,0.0718735827195041
"6068",66.5815347317351,24028.9760145733,102.232687204511,61.5304998286329,997.267633683926,9.64091836921676,6.11004244591658,4649.71066855417,13.5177116669776,9.08577395924548,87.2729898934705,47.9096406525518,29.6298952624881,6.05786443371167,30.9932492923454,32.7310325713954,0.0585851259491015
"6069",69.9408376932846,20277.0212483844,105.133569532982,65.0791699602741,1180.39438026103,9.19675063692555,5.47466900890631,4879.63644830735,15.8781694381236,9.24313204139436,73.2254957964056,38.2882652642261,33.1614309480882,5.40093873102855,42.4147110970521,30.2435348474692,0.0191120364204083
"6079",70.6707640720371,20813.9777797855,97.8020851406152,70.5917857313368,645.686710334217,8.80222368855144,6.40432530482991,3709.66586491229,11.5618838757085,8.198971176469,83.2805924023515,40.8031111065052,34.5777169662191,4.27553022620182,22.2581622479729,36.3050476768498,0.121771313580246
"6084",65.7421940606165,21981.2729226947,72.4659469069307,73.9661925103036,533.013204191098,7.60611291069593,5.45281167806391,4303.61892416952,10.3470231767725,9.50310641654861,92.4667307884231,23.6281184186834,33.9608546122442,3.24525747677195,29.6458964445473,40.3498688929608,0.144337768255238
"6086",58.7302056750357,21313.6491391189,64.0869177226286,49.1599451781851,430.186908397419,5.97101235368333,4.70123448628058,5147.92009185225,11.5185016677956,9.67297229555408,89.3345847262964,23.1788886368849,38.8677589226413,3.95075900926914,18.7200718907942,34.6148726911261,0.136356138186574
"6087",59.389249191379,22559.2458375032,60.3437814255084,48.3480588938909,541.352656047249,6.8202016640355,5.27064840076021,4561.91190842689,9.01311329711864,8.37207368475865,92.3474942394288,22.1933359634943,40.8202037675251,3.07398253517461,22.3933452079675,30.1233501529785,0.099760794322997
"6090",60.4875722039123,17708.5107642937,104.958613713338,47.1860917063848,695.911056062428,11.6170987036451,5.5259370660946,3855.09462233702,15.2511990320089,8.13856759894533,73.4948151393458,48.8904685232519,41.3014509963826,6.57773263789721,8.41299582795869,41.7064443097676,0.0879942274669911
"6092",62.1146887092113,22576.1462669087,101.790526796129,65.1770156327266,828.505815139031,10.7072621362606,5.25172552380823,5288.17757561952,16.4892029711445,9.68793723809318,85.5542436225284,51.6712845643687,38.3911347228438,7.75111120332879,12.9756065018027,42.2768435220792,0.0752019538608535
"6093",68.2786228062147,24326.5780315614,135.275872899634,74.2037594974114,797.062154468567,7.7994043341399,7.24343428566968,4307.94971765714,14.3652993162864,7.79838168107297,80.9475714240748,72.9956743886317,38.6279584356252,7.77770740609188,28.6761900622,37.9117167128883,0.0888131890249824
"6096",68.2786850598883,23560.8919331389,80.7596718089985,86.2679839373338,655.36168128915,6.01520111196365,5.31926182795269,5336.6644106166,12.1754839583574,9.68822789371358,87.0640919035955,31.1108527670882,38.5272136419486,4.4646077131477,12.7888948733603,37.4669020591373,0.12526816491826
"6125",53.1492297422489,21196.406346417,51.2234636171521,42.0371950123108,697.634061879032,4.64508986179923,6.5636024921311,3263.90848261412,5.74164104848243,5.33136745719131,90.5601208421666,20.4652757752892,46.7589856596593,2.33844582261505,19.7340263680211,9.6332002524953,0.0668672359797069
"6126",71.3642306269012,21678.1079340806,90.1788310603917,59.597795045587,1281.60113260675,17.5680779326498,6.71482337840768,3485.3458478212,9.79986706716299,7.77777911388539,83.3159464678658,35.7362740562102,32.2240345017252,3.55190530246739,25.2448457848457,49.8233341821585,0.0481627156503073
"6129",64.5000567422894,21376.3491247748,66.9952830165369,64.3393323839149,326.126367150095,6.00557837937462,5.69382490702698,4070.26261948063,9.49713599494977,8.48002491518595,88.1017957848111,20.7050873659135,39.028393045643,2.81917805170249,21.0866014604097,28.4301184555844,0.21635808299166
"6130",63.8749131817183,22975.2970837722,118.934939176102,49.800991892785,710.404670611736,9.07553599437538,5.49760353867493,5393.5232973757,17.8370347352415,9.27390776241366,79.1617411657444,62.5618616704217,24.7877408747301,9.17734099940367,21.397453757505,56.295550944037,0.0696197014151587
"6131",66.6748242165133,20822.8417581156,81.6491212043554,68.8897975085421,408.05987695721,8.7172621499086,6.20114606041762,4070.49468282854,10.8639699585969,8.56779109924173,83.7535343080623,26.3827649426256,39.9865578291436,3.4215237167941,17.531724072924,36.4870203002799,0.176278606322352
"6134",73.0882764050814,20748.9468324372,111.585382092841,76.7635575823251,676.881871896882,9.94380985987341,8.84992466785427,2720.59126054182,9.78949250771773,6.55792158341616,82.5723404179457,48.5828140592584,28.2414649595835,3.93301784423677,47.6713234452481,20.6137876140077,0.117166643342915
"7010",72.1713864675516,20993.3629190759,83.7561650181859,62.890152120176,611.883541911363,8.06875626834862,6.55154545378602,3577.11674165252,10.2547194142735,9.01306313750943,88.6293400168539,28.8513921164003,32.3154808866432,3.2057714889323,42.808231695178,35.413167181349,0.113823984646598
"7018",63.1816544419913,21998.0664422514,103.836781347326,50.7019464798313,359.740546292378,8.71079008931244,6.43137937407917,3985.35154513889,13.571725083718,7.72007276500203,87.0868474823463,49.8740515502568,23.7182036680784,6.03680577254121,33.8391454489354,55.5099271055625,0.161284094174398
"7019",67.850372942822,19965.2094522346,113.258875441091,70.2750545876196,368.717390703543,7.06734932347308,5.70886698718349,4145.76733072771,15.1245251410252,8.35751801340886,74.2896987503204,57.6231770502851,41.9797206626974,7.71286648339252,36.8299269986531,34.0313235619688,0.202672159751571
"7022",69.1660960569925,23810.5348032847,98.954048489555,73.4954455932233,809.537877210187,14.0916536734576,5.97384325777009,4569.91250015175,13.2445033580092,8.99559657876325,86.9516834007361,43.2041001020486,38.1763099204763,5.58941433170585,37.2740297760454,46.0422789183866,0.0954974977586012
"7023",67.2925251456901,22771.4285350502,106.09921135044,51.5800262839364,386.016080263906,6.70850274041618,6.78769472471159,3923.48198712685,12.8157590691995,7.69918081227294,87.2545325478901,48.0238481377902,39.6024134586513,5.51574154757191,29.3932998259415,57.7839390731505,0.15320324088291
"7024",67.4473100630505,18346.6742437422,84.4673898827223,53.911344901055,588.819761948231,6.71306858746408,7.02965852668527,2911.04710813192,9.43056352445915,7.63548248827639,82.5497538919102,29.6024437558748,29.6290427575357,2.92209481825982,9.29418665798772,35.0789446590904,0.0939548075235253
"7025",69.2666454096702,24218.0776933182,93.4751890582433,68.4267287882626,431.322200031379,6.32794372668079,6.99033104531925,4016.01604105183,10.2943024492604,8.01244307353052,92.2064762012715,39.6571128392813,24.4784424937568,3.96388245482681,11.1638584243008,43.5108159271823,0.170110280579134
"7027",76.9207057735192,20736.0568070013,197.802729234137,64.4743989536177,445.82797970327,9.71557354128474,6.57081616305614,4684.91065184456,25.1172223547983,9.60561657240533,66.3215675974413,134.970709078454,30.7595755746269,16.5289068465418,35.4382086606116,51.664235741822,0.155739892186994
"7029",67.1224858948945,18892.3809506954,96.0583913270183,55.6398766070284,719.994543946322,11.6709162110123,6.01004628082084,3583.60725617051,13.031076373908,8.57002287481839,79.7365682756621,34.7433899762133,28.5420825365959,4.42454897985853,20.3585150667093,39.1877541092663,0.0844744678111007
"7030",70.7536201979842,18526.5426921844,166.754518461628,67.2854632524266,429.898421373324,7.25874471381466,6.21825963308914,4003.86556684333,21.5809685910921,8.91393802412045,67.4972533713522,109.446616672763,36.0026745765048,13.8570260481653,26.6245836164042,43.310240875764,0.167891460011359
"7033",64.69495690105,20055.0063692747,111.03906210476,55.0161019297696,1153.50979950198,16.1841971445672,6.92795795924939,3495.92990650957,12.414262045128,6.78390151447863,77.8416784665137,55.7230658495719,36.9074116605039,5.90441662382604,14.501320400649,52.8353721503481,0.0463988339875332
"7039",65.1162244356259,18971.5929439528,126.619868127954,50.1947091274707,579.411595729753,10.3748399438778,5.56177865077243,4183.56507091104,18.7988742389208,9.29303368455849,77.0808087393693,66.1354873326091,22.5699380292693,9.19002443290045,13.8807938589811,45.670060518693,0.0936199383895164
"7043",63.4914733695477,21535.4070807614,76.425540897898,63.6576938250449,542.797032628865,8.26208903895399,4.83921182918765,4623.50876672231,11.5504185755223,9.59806956391962,87.8829044172128,32.350463559365,44.9879460954761,4.5002960293961,21.7976150886512,41.6760026415362,0.133856368957278
"7045",65.7315284238249,19696.1207053142,75.5381088626806,67.0970864840539,582.152530037795,9.0882807352856,6.10524360462336,3752.92967901025,10.2514382202402,8.55160423798236,81.9946694362445,24.0330207466317,27.2885046238905,2.99130178411181,14.1144071546304,29.2047854812688,0.123457846261028
"7048",69.1494289800619,19799.1048343716,83.3521859537388,61.9366858654347,616.428317237813,7.58431580994545,6.56608039849978,3812.21403690011,10.5138160363078,8.54833251188301,78.5351117026945,30.3530657151098,40.357139051109,3.53230041635418,24.6646830952445,31.772478318281,0.098948521035696
"7051",69.6410986161628,21715.1344076456,98.275825513353,67.9908371765064,628.194244840959,9.3957987438857,6.1580691824899,3937.76835833558,12.6192304307217,8.62215158754092,88.2084838270072,40.5038979547749,23.7796686712801,4.55470149298811,20.8707496357001,55.035087569328,0.118190838445315
"7060",58.736065051946,24760.8645347028,102.038659951755,51.1244106668487,640.812637576375,8.02848052726091,5.78942502214132,5322.29738268033,14.2498154579573,7.44186551679391,83.3330461097409,52.300138970537,38.3532041560778,6.95954581689159,16.3080106766387,44.2778568127497,0.0926833921504635
"7064",70.2499592208089,20571.2156631609,66.4390543148668,60.4500951160944,672.011698196972,6.23862347372235,6.59776650675119,3444.68436096027,7.8022571821286,8.44321545333165,85.5124929197728,21.4329695843986,31.5982467777431,2.30958807465607,7.01379380135713,32.8258598826082,0.103493385142441
"7065",66.8608502334883,24133.370192264,74.6600323605573,54.3927874816426,505.445914211206,8.94598365600549,7.51682354379427,3279.65181186472,7.50918667945007,7.00325220723762,96.1898514833705,28.8515066019466,31.2907953845337,2.8704480166945,23.8083711856261,35.3529779982461,0.121310292056145
"7068",71.0142194112532,23291.5076803518,78.8462093135166,67.375944462996,672.846765534738,7.71103326317149,5.77221617766697,4474.24526940015,10.3046594559789,9.5450639882559,90.4464084538517,31.8179399630248,38.877555269234,4.07290515852134,9.11701437762535,52.5647067706716,0.0867601759169281
"7078",68.1732788458133,20558.8190289637,92.1078538845107,70.2269202480142,622.69476396495,9.02436755473688,6.50681652790085,3810.85972534258,11.0949732814889,8.74729649394757,80.9124985327552,39.5221602656749,24.808130266899,4.32267417334038,21.4331677416144,34.3288509749321,0.127648628289334
"7109",65.2227167127514,19306.471142055,109.123429723212,59.7024940539115,325.202979332511,7.06469215893146,8.6993961217551,2613.58341494217,9.62871186496715,5.26249565632163,76.3064417172817,56.9663164313908,38.9419469251331,4.8504547480996,11.2581391914203,32.7432021635515,0.204195925020002
"7110",67.5745351395623,18790.4344219028,70.2818858837197,56.8974262031516,840.021307444811,7.66886802292311,5.64001961510205,3906.69485740385,10.2050350630945,9.60151681537361,79.8822405365874,22.1598798069665,43.6892511496039,3.05218011159371,28.3419515528374,34.6902219938039,0.0744862912377986
"7114",67.6120300048645,25717.5224855193,112.369534485164,73.596361350371,895.959247724723,7.02156427342891,7.01623275773624,4664.18324765439,13.37607792484,7.93823497383915,85.9173614653771,54.2770303970651,30.6230642918456,6.00517988661923,20.698830551456,36.4592199413871,0.0807462700520654
"7115",61.8684781583311,22492.0417530923,110.142061321287,59.046606488452,397.104257941283,6.375402634654,5.54690645134584,4762.27421092097,16.8166770320074,8.81980631600281,86.3545272170685,59.4237849658987,37.8409139047184,8.54212193316594,26.1344571678733,38.1466693156442,0.168869173922922
"7116",60.627773443266,21101.0352810986,63.7359500325746,49.157152087176,486.132489193534,11.6660070276404,6.0623548256775,3911.37842129069,8.30353225370242,7.84688861421373,86.5646324191422,23.7735052980689,39.755727514491,2.91895767247657,19.8639286688741,29.1201932832935,0.125635828174387
"7119",60.0394014702135,21352.6439480282,77.6795732177567,55.6990377189721,727.861821387804,7.57800332646424,5.123850435729,5020.85384382439,11.9534445072408,8.99688230864283,83.5379480542416,36.3224160428176,43.2268519376737,5.63968833493379,35.7006444626531,27.3598809605314,0.0773063703138206
"7128",60.6370643884885,17670.5238755898,103.408953626382,63.4444329978237,851.629691942492,6.7753936160078,6.23777008208286,3756.98052270057,13.7567502246233,7.9309401398373,69.9228041960051,55.8047358186158,44.096126574097,7.15276477762109,16.4151465477018,12.8338297068768,0.0784190851208197
"7136",67.7293265048842,22485.2026372736,78.3934034268318,68.7786611079271,566.224786484684,8.93354801983186,7.1971119661548,3608.03903501201,8.9933913433691,7.37726869060323,86.93442005582,30.2223767895412,39.1171711282395,3.16010876651099,19.9415752433196,37.9586757982615,0.125444102937276
"7138",63.1191427999895,23140.9149027969,137.04165630851,67.6593128559949,812.594245774866,9.94314581425493,6.4828815890722,4670.70230107061,17.2726227439185,7.61234824903973,77.5079302790067,83.9167212571611,37.6308012592213,10.2950810104206,41.3801211124702,35.592396556937,0.0712983782393797
"7139",64.9034253188027,20784.7809896634,87.2249583746052,67.3960221187692,680.445945609286,7.3558156277163,7.36244924318377,3651.73384102638,9.83434633816181,7.41188880819641,80.7517378736235,36.1361549081941,33.5040864031639,3.95379518449305,13.3630885436276,30.0555264320746,0.0901138535393222
"7143",63.0735679488929,20681.0448663533,64.6175912602592,55.2718194605712,1179.19013173007,11.5336230346365,6.03582667949619,4101.89050974763,8.79322317378747,8.23944432340766,84.760224135234,18.8092824946652,35.9722951030528,2.21308053312962,21.2752548495044,23.3701879386976,0.0471408672643803
"7146",61.4594707116892,20492.1025805791,94.7185959794599,44.4164411528389,861.548335607934,11.3780080879259,6.02216592019198,4050.10873801906,12.8350756976848,7.72760168420737,81.6911361714602,41.3605832940224,36.0083355306836,5.46591227421262,33.966556643781,44.3608186055017,0.0577844892650488
"7150",65.1742341980194,23166.1272940666,98.07672405434,50.8872743634604,2101.88676917378,22.2661641086404,7.16081197170703,4169.21921150554,10.6659305683645,6.81283767937725,76.1507312285013,45.9500276890471,40.6039240283071,4.76941700702776,33.7930446554827,36.6109292761592,0.0250042245602198
"7153",65.1811939643973,21982.0820076346,70.3319317515247,68.3597246556203,993.745754370751,7.53616059754481,6.6342848444062,3547.17553871888,7.64377815656588,7.18587447866207,86.9162746652499,25.363329702438,34.227286312806,2.62837811537091,17.3911780096638,34.6044011382791,0.0638963084410991
"7159",63.7856733349442,23314.4748431912,97.3779652813833,51.6574490172837,603.068679869473,7.17495860767275,6.49207223520591,4275.11787828056,12.1157218931649,7.58130778144822,84.6628171209893,44.2410423696752,31.0713466348146,5.3821301411811,30.3443294935843,34.330700680448,0.0823036497521272
"7163",65.6578113781433,20707.9554851947,131.156050395794,59.7358942614091,915.187316290363,8.22164867720341,5.88116283491244,4643.80748533496,19.5144865912651,9.09492852611965,75.7111654928559,71.0077593047336,35.6645044553971,10.3443406083541,53.0013092453546,16.6056755319421,0.0447472570831895
"7169",60.2660240042373,20724.8270052354,113.206685019097,23.9988080600765,1272.98243810455,12.3884133771681,5.35033496105828,5249.47626176242,17.5698326432666,8.98883429239746,73.0371599345477,57.4305629333597,28.3761206766402,8.35099857519453,45.6568872760097,32.0746112309199,0.0294317093731478
"8015",63.8224135406047,20998.6645171701,64.1100096486135,50.9957260801045,695.50329715153,12.9051983719354,6.42239313829787,3706.87663699458,7.77799632987018,7.66071173517165,87.5574299775091,23.0061334360706,33.5521922132073,2.56884164634892,31.2053279372707,17.1675141902677,0.073586235283204
"8083",63.8702118354211,20431.3853102268,93.3004556571318,58.6638593561014,673.009560769719,7.58080848121145,5.59762666909773,4516.77997401217,13.6225270620267,8.91802140074369,78.6009650613791,43.1303847668309,34.8473561845493,5.8450275388385,14.9223888521203,39.5939643004731,0.0882025943490947
"8145",54.7960070556612,18053.4354335271,77.2069388390301,54.6941762440727,614.571276501203,8.38297783604057,5.74421819173572,3727.83771963551,11.5867848843405,7.58814773691629,81.638757204763,35.84783666064,45.16135845535,5.30553616283806,22.0910113223524,28.1116129575262,0.105466243235443
"8146",63.5600926111315,21577.558393187,73.194389120408,71.1956658348904,654.631267830759,8.18800463620034,5.17869348737071,5126.29019486966,12.1369460342779,10.0024432392749,81.7738846062419,29.5686484740041,46.3163504526742,4.34930610264807,7.73644577142239,34.8136065591793,0.0983427353352824
"8154",51.5584219218972,21783.0800300029,90.2417703131745,34.4529892662152,1087.69011978331,16.6227450012446,6.40833701057815,4064.71830229896,11.0550420260953,5.53445562027228,78.6600077545785,51.9297526003617,43.6298805035706,6.50089914064196,17.8492067544605,56.7681676169958,0.0466420932132201
"9010",56.6691531912463,19323.9397688038,91.2889809731808,43.4036443127993,523.169749408048,6.90845795079611,5.79131483640992,3786.87559238817,13.147410485224,7.29484292982983,80.7876697595694,47.6016642931366,41.5084619034904,6.94099213899598,22.1075546469485,32.2452718418829,0.101626713817888
"9012",57.5081068006858,20053.1216984866,91.9271156713881,49.7617851997889,780.628749535166,7.61747624433685,6.69839700619194,3605.4820430141,11.2672860845414,6.03759168335901,76.7617250174168,45.1864446730304,41.3835591474342,5.53798823516622,11.0630241158885,43.2068922561123,0.0550151594246164
