"","date","total_cows","missing_cow","double_detection_bins","negative_visit_bins","cows_disappeared_after_noon","bins_never_visited","bins_low_traffic","long_dur_feeder","large_intake_feed_visit","low_daily_feed_intake_cows","high_daily_feed_intake_cows","long_dur_drinker","large_intake_water_visit","low_daily_water_intake_cows","high_daily_water_intake_cows"
"1","2020-07-15",48,NA,NA,"14; 103; 104",NA,NA,NA,NA,NA,"8023, 32.5",NA,NA,"103",NA,NA
"2","2020-07-16",48,NA,NA,"103; 104",NA,NA,NA,NA,"4",NA,NA,NA,NA,NA,NA
"3","2020-07-17",48,NA,NA,"6; 103; 104",NA,NA,NA,NA,NA,NA,NA,NA,NA,NA,NA
"4","2020-07-18",48,NA,NA,"14; 17; 103; 104",NA,NA,NA,NA,NA,NA,NA,NA,NA,NA,NA
"5","2020-07-19",48,NA,NA,"14; 25; 103; 104",NA,NA,NA,NA,NA,NA,NA,NA,"102",NA,NA
"6","2020-07-20",48,NA,"8","14; 103; 104",NA,NA,NA,NA,NA,NA,"7027, 75.2",NA,"104",NA,NA
"7","2020-07-21",48,NA,"8","6; 14; 103; 104",NA,NA,NA,NA,NA,"4001, 15.2","6021, 77.2; 7027, 79.2000000000001",NA,NA,"4001, 40.4",NA
"8","2020-07-22",48,NA,NA,"9; 103",NA,NA,NA,NA,"10; 11","4001, 27.7","6033, 79.8",NA,NA,NA,NA
"9","2020-07-23",48,NA,NA,"103",NA,NA,"10",NA,"6","4001, 30.3","5133, 75.1",NA,NA,"4001, 36.6",NA
"10","2020-07-24",48,NA,NA,NA,NA,NA,NA,NA,"24; 29",NA,"6021, 75.7",NA,NA,NA,NA
"11","2020-07-25",48,NA,NA,"103",NA,NA,NA,NA,"19",NA,NA,NA,NA,NA,NA
"12","2020-07-26",48,NA,NA,"14; 103; 104",NA,NA,NA,NA,"5; 24","4001, 30.4; 6011, 28.3",NA,NA,NA,"4001, 59",NA
"13","2020-07-27",48,NA,NA,"103","2007, 11:02:06; 2074, 11:16:04; 3067, 11:02:40; 3117, 10:19:35; 5140, 10:56:50; 6021, 11:48:13; 6033, 10:50:49; 6133, 11:50:45; 7008, 10:43:39; 7019, 11:51:19; 7023, 10:54:38; 7033, 11:31:03; 7043, 11:38:14; 7051, 11:46:13; 7146, 11:37:52; 8023, 10:58:10",NA,NA,NA,NA,"2007, 19.8; 2074, 20.3; 3067, 26.2; 3117, 20; 4001, 14.1; 4038, 29.8; 5005, 16.8; 5133, 15.7; 5137, 23.4; 5139, 22.9; 5140, 26.1; 5145, 22.9; 6004, 18.5; 6005, 20.5; 6011, 28.9; 6021, 29.1; 6028, 29; 6033, 17.7; 6047, 21.3; 6126, 19.3; 6129, 27.4; 6130, 25.9; 6131, 18.6; 6133, 11.7; 6134, 31.1; 7007, 23.5; 7008, 27; 7018, 16.8; 7019, 29.5; 7022, 21.6; 7023, 19.8; 7024, 27; 7027, 33.7; 7029, 27.2; 7030, 19.8; 7033, 17.4; 7037, 27.7; 7039, 32.2; 7043, 29.2; 7051, 29.3; 7065, 25; 7146, 19.9; 7159, 21.5; 7169, 26.1; 8015, 22.1; 8019, 24.4; 8023, 23.1",NA,NA,NA,"2007, 45; 2074, 43.6; 3117, 50.9; 4001, 57.5; 5005, 52.3; 5133, 40.9; 5140, 54.7; 6004, 46.2; 6033, 39.9; 6130, 57; 6133, 19.4; 7022, 56.4; 7023, 46.4; 7024, 56.4; 7030, 55.9; 7033, 35.3; 7146, 43.6; 7169, 56.4; 8019, 58.9; 8023, 59.1",NA
"14","2020-07-28",NA,NA,NA,NA,NA,NA,NA,NA,NA,NA,NA,NA,NA,NA,NA
"15","2020-07-29",NA,NA,NA,NA,NA,NA,NA,NA,NA,NA,NA,NA,NA,NA,NA
"16","2020-07-30",NA,NA,NA,NA,NA,NA,NA,NA,NA,NA,NA,NA,NA,NA,NA
"17","2020-07-31",53,NA,NA,"13; 103; 104","6133, 11:01:32; 7007, 07:02:07; 7008, 09:47:54; 8019, 11:01:30; 8023, 06:58:22","105",NA,NA,"11","4072, 26.9; 5135, 31.3; 6030, 33.8; 6039, 29.4; 6050, 17.2; 6133, 14.6; 7007, 7.99999999999999; 7008, 15.6; 7037, 11.7; 7043, 34.8; 8019, 12.6; 8023, 5.40000000000001",NA,NA,"102","4072, 55.6; 6030, 53.7; 6039, 44.8; 6050, 29.6; 6133, 29.9; 7007, 20.3; 7008, 55.5; 8019, 35.5; 8023, 12.6",NA
"18","2020-08-01",48,NA,NA,"1; 2; 3; 5; 6; 7; 9; 10; 11; 12; 13; 14; 15; 16; 18; 20; 21; 22; 23; 24; 26; 103; 104",NA,"105",NA,NA,NA,NA,NA,NA,NA,NA,NA
"19","2020-08-02",48,NA,"8; 27","2; 3; 104",NA,"105",NA,NA,"24; 27",NA,"7022, 88",NA,NA,NA,NA
"20","2020-08-03",48,NA,"4; 7; 27","27",NA,"105",NA,NA,NA,NA,NA,NA,NA,NA,NA
"21","2020-08-04",48,NA,"4; 7; 27","4; 7; 27; 103",NA,"105",NA,NA,"7; 8",NA,"5135, 77.2",NA,"101; 102",NA,NA
"22","2020-08-05",48,NA,"4; 7; 27","7; 12; 27; 103",NA,"105",NA,NA,NA,NA,NA,NA,"102","6011, 46.7; 7169, 20",NA
"23","2020-08-06",48,NA,"4; 7; 27","4; 12; 103",NA,"105",NA,NA,"28","4038, 28.5; 6039, 32.9; 7169, 32.7",NA,NA,NA,"5140, 59.6; 6005, 59.1; 7169, 47.6",NA
"24","2020-08-07",48,NA,"4; 7","4; 7; 12; 17; 103",NA,"105",NA,NA,"21","4038, 23.5",NA,NA,NA,"4038, 50.8",NA
"25","2020-08-08",48,NA,"4; 7","4; 12",NA,"105",NA,NA,NA,NA,NA,NA,NA,"7169, 29.4",NA
"26","2020-08-09",48,NA,"4; 7; 19","4; 7",NA,"105",NA,NA,NA,NA,NA,NA,NA,"7169, 47.4",NA
"27","2020-08-10",48,NA,"7; 19; 25","4; 7; 17; 21; 104",NA,"105",NA,NA,"3","4038, 28.2",NA,NA,NA,"4038, 54.3; 6030, 41.2; 7169, 37.3",NA
"28","2020-08-11",47,"Yes","7; 25","3; 7; 8; 17; 103",NA,"105",NA,NA,NA,NA,NA,NA,NA,"7169, 48.3",NA
"29","2020-08-12",47,"Yes",NA,NA,NA,"105",NA,NA,NA,NA,NA,NA,NA,"7169, 47.1",NA
"30","2020-08-13",47,"Yes",NA,"103; 104",NA,"105",NA,NA,NA,NA,NA,NA,NA,NA,NA
"31","2020-08-14",47,"Yes",NA,"104",NA,"105",NA,NA,NA,NA,NA,NA,NA,"5005, 58; 6011, 54.2",NA
"32","2020-08-15",47,"Yes",NA,"3; 103",NA,"105",NA,NA,NA,NA,NA,NA,NA,NA,NA
"33","2020-08-16",47,"Yes",NA,"14; 103",NA,"105",NA,NA,NA,NA,NA,NA,NA,NA,NA
"34","2020-08-17",48,NA,NA,NA,NA,"105",NA,NA,"13","4038, 32.6","3117, 77.3",NA,"101","7169, 59.7",NA
"35","2020-08-18",48,NA,NA,NA,NA,"105",NA,NA,"8",NA,NA,NA,NA,NA,NA
"36","2020-08-19",48,NA,NA,"101; 103",NA,"105",NA,NA,NA,NA,NA,NA,NA,NA,NA
"37","2020-08-20",48,NA,NA,NA,NA,"105",NA,NA,NA,NA,NA,NA,"101; 102","7169, 55.7",NA
"38","2020-08-21",53,NA,"12","103","4038, 08:19:46; 6004, 09:46:04; 6039, 08:16:55; 6047, 07:21:45; 7169, 07:36:23","105",NA,NA,"1","4038, 15.6; 5058, 22.3; 6004, 15.7; 6039, 11.7; 6047, 22.3; 7169, 21",NA,NA,NA,"3150, 57.4; 4038, 30.2; 5058, 19.7; 5120, 51.8; 5139, 50.8; 6004, 18; 6039, 38.2; 6047, 52.7; 7169, 29.1",NA
"39","2020-08-22",48,NA,"12",NA,NA,"105",NA,NA,"23; 26; 30",NA,"5005, 98.5; 5135, 76.9",NA,NA,"6030, 49.6",NA
"40","2020-08-23",48,NA,NA,NA,NA,"105",NA,NA,"5; 15; 20; 22; 26","7029, 10.3",NA,NA,"101","5028, 28.8; 7029, 49.3",NA
"41","2020-08-24",48,NA,"30","25; 104",NA,"105",NA,NA,"6","6021, 19.7",NA,NA,"101; 102","5139, 55.1; 6021, 53; 6030, 39.4; 7029, 52.7",NA
"42","2020-08-25",48,NA,"6","6; 25; 104",NA,"105",NA,NA,NA,"7027, 31.3",NA,NA,NA,"5005, 37.1; 5139, 56.7; 7010, 26",NA
"43","2020-08-26",48,NA,NA,"3; 103",NA,"105",NA,NA,NA,NA,NA,NA,NA,"5005, 53.6; 5139, 40.6",NA
"44","2020-08-27",48,NA,"13; 14; 19; 20; 22; 27; 28; 29; 30; 103","7; 103; 104",NA,"105",NA,NA,"17",NA,NA,NA,NA,NA,NA
"45","2020-08-28",48,NA,"23","1; 3; 104",NA,NA,"105",NA,NA,NA,NA,NA,"101; 102; 103; 104",NA,NA
"46","2020-08-29",48,NA,"19; 104; 105","13; 104; 105",NA,NA,NA,NA,"8","6033, 28.8",NA,NA,"101","6033, 46",NA
"47","2020-08-30",48,NA,NA,NA,NA,NA,NA,NA,"8; 19",NA,NA,NA,NA,"5135, 59.1; 6033, 59.3; 8015, 54.1",NA
"48","2020-08-31",48,NA,"12; 17","25; 104",NA,NA,NA,NA,"13",NA,NA,NA,"104",NA,NA
"49","2020-09-01",48,NA,NA,"103",NA,NA,NA,NA,"23",NA,NA,NA,NA,NA,NA
"50","2020-09-02",48,NA,"27","1; 2; 3; 6; 104",NA,NA,NA,NA,"9","5041, 32.9; 7146, 34.5",NA,NA,"101","6050, 56.7",NA
"51","2020-09-03",47,"Yes","9; 11; 15; 16; 23; 102","103; 104",NA,NA,NA,NA,"15; 23","5041, 13.9",NA,NA,"101","5041, 37.1",NA
"52","2020-09-04",52,NA,"3; 6; 15; 16; 17; 24; 102; 103","23; 103","2007, 07:19:44; 3117, 08:05:53; 6131, 09:20:08; 7037, 09:55:45; 7065, 09:20:15",NA,NA,NA,"15; 17; 24","2007, 20.4; 3117, 24.7; 5041, 10.4; 5100, 34.9; 5124, 22.3; 6023, 23; 6055, 19.3; 6121, 21.8; 6131, 17.6; 7037, 28.7; 7065, 15.3",NA,NA,"101; 102; 103","2007, 42.2; 3117, 33; 5041, 0.100000000000001; 5124, 43; 6023, 42.3; 6055, 42.7; 6121, 44.4; 6131, 28.6; 7037, 46.3; 7065, 44.6",NA
"53","2020-09-05",47,"Yes","2; 3; 4; 15; 16; 17; 101; 102","3; 6; 25","5041, 10:08:01",NA,NA,NA,"3; 15; 17","5041, 5.50000000000001",NA,NA,"101",NA,NA
"54","2020-09-06",46,"Yes","3; 4; 12; 15; 16; 17; 18; 101; 102; 103","25",NA,NA,NA,NA,"3; 19; 25; 28",NA,"7051, 79.6",NA,NA,"5005, 57.4",NA
"55","2020-09-07",46,"Yes","4; 5; 6; 14; 15; 16; 18; 102","7",NA,NA,NA,NA,NA,NA,NA,NA,"101; 103",NA,NA
"56","2020-09-08",46,"Yes","4; 5; 14; 15; 16; 17; 18; 21; 23; 25; 26; 27; 28; 101; 102; 103","25; 103; 104",NA,NA,NA,NA,"5",NA,"6028, 77.5",NA,NA,NA,NA
"57","2020-09-09",46,"Yes","4; 6; 12; 13; 16; 18; 19; 20; 21; 22; 23; 24; 25; 27; 102; 103; 104","3; 103; 104",NA,NA,NA,NA,NA,NA,NA,NA,"101",NA,NA
"58","2020-09-10",48,NA,"2; 8; 12; 17; 18; 20; 22; 23; 24; 26; 27; 28; 103","103",NA,NA,NA,NA,NA,"5041, 14.9; 7146, 26.3",NA,NA,"101","5041, 59.3",NA
"59","2020-09-11",48,NA,"12; 23",NA,NA,NA,NA,NA,NA,NA,NA,NA,NA,NA,NA
"60","2020-09-12",48,NA,"16","103",NA,NA,NA,NA,"3; 23; 24",NA,NA,NA,NA,"5005, 44.9",NA
"61","2020-09-13",48,NA,"4; 14; 16","103",NA,NA,NA,NA,"10; 25",NA,NA,NA,NA,NA,NA
"62","2020-09-14",48,NA,NA,"104",NA,NA,NA,NA,"8",NA,NA,NA,"101; 102",NA,NA
"63","2020-09-15",48,NA,"12","3; 104",NA,NA,NA,NA,"3","8015, 33.7",NA,NA,NA,NA,NA
"64","2020-09-16",48,NA,"16",NA,NA,NA,NA,NA,"12",NA,NA,NA,"105",NA,NA
"65","2020-09-17",48,NA,"23",NA,NA,NA,NA,NA,NA,"8015, 16",NA,NA,"105","8015, 42.3",NA
"66","2020-09-18",48,NA,NA,"6; 103",NA,NA,NA,NA,NA,"8015, 32.5",NA,NA,NA,"5005, 57.1; 6033, 59.1; 8015, 56.5",NA
"67","2020-09-19",48,NA,"103","103",NA,NA,NA,NA,NA,"8015, 27.6",NA,NA,NA,"7146, 58.2; 8015, 48.2",NA
"68","2020-09-20",47,"Yes",NA,NA,NA,NA,NA,NA,"23","7022, 31.4",NA,NA,"101; 102",NA,NA
"69","2020-09-21",47,"Yes",NA,"103",NA,NA,NA,NA,NA,"7019, 31.4; 8015, 32.2",NA,NA,NA,NA,NA
"70","2020-09-22",47,"Yes",NA,"103",NA,NA,NA,NA,NA,"7019, 21.1",NA,NA,"101",NA,NA
"71","2020-09-23",52,NA,NA,NA,"3067, 10:30:24; 6021, 11:56:34; 6023, 11:21:08; 7146, 11:18:30",NA,NA,NA,NA,"3067, 22; 5042, 20.7; 6021, 30.2; 6023, 19.1; 6027, 26.1; 6047, 13.9; 6069, 24.5; 6090, 20.8; 7019, 20.4; 7029, 9.6; 7146, 16.5; 8015, 32.6",NA,NA,"101","3067, 41.7; 5042, 40.5; 6023, 32.9; 6027, 42.7; 6047, 23.2; 6069, 30.2; 6090, 51; 7029, 32.1; 7146, 33.3",NA
"72","2020-09-24",48,NA,NA,"6; 103",NA,NA,NA,NA,NA,"7019, 32.8; 7029, 24.7",NA,NA,"101","7029, 50.7",NA
"73","2020-09-25",48,NA,NA,"103",NA,NA,NA,NA,NA,NA,NA,NA,NA,NA,NA
"74","2020-09-26",28,"Yes",NA,NA,"2074, 01:36:17; 4001, 01:29:05; 5041, 03:00:04; 5042, 02:49:41; 5100, 02:02:18; 5120, 02:56:19; 5124, 02:18:32; 5137, 00:24:44; 5145, 02:03:32; 6005, 01:31:20; 6011, 00:47:46; 6027, 02:08:49; 6033, 03:40:32; 6047, 02:14:56; 6055, 03:41:10; 6090, 03:35:27; 6129, 03:40:32; 6130, 02:29:05; 7010, 02:04:34; 7019, 01:20:29; 7022, 01:34:46; 7023, 00:34:16; 7024, 03:25:14; 7027, 03:01:46; 7033, 00:52:12; 7043, 01:15:52; 7051, 02:19:46; 8015, 00:37:15",NA,"1; 2; 4; 6; 7; 8; 9; 10; 12; 21; 28; 102; 103; 104",NA,NA,"2074, 3.9; 4001, 10.2; 5041, 6.9; 5100, 4.1; 5120, 0; 5124, 7.5; 5137, 4.2; 5145, 1; 6005, 5.8; 6011, 4.6; 6027, 3.9; 6047, 0; 6055, 0.8; 6090, 5.4; 6129, 1.2; 6130, 5.8; 7010, 7; 7019, 5.7; 7022, 5.5; 7023, 0.9; 7024, 0; 7027, 2.5; 7033, 6.2; 7043, 2.5; 7051, 5.4; 8015, 4.6",NA,NA,NA,"2074, 21.7; 4001, 13.6; 5041, 20.8; 5042, 6.1; 5100, 14.6; 5120, 14.9; 5124, 13.8; 5137, 4.9; 5145, 20.9; 6005, 15.7; 6011, 15.6; 6027, 10.9; 6033, 8.8; 6047, 0; 6055, 10.1; 6090, 22.5; 6129, 13; 6130, 13.5; 7010, 27.9; 7019, 14.7; 7022, 14.3; 7027, 9.7; 7033, 17.1; 7051, 19.5; 8015, 15",NA
"75","2020-09-27",48,NA,"1; 2; 3; 4; 5; 6; 7; 8; 9; 10; 11; 12; 13; 14; 15; 16; 17; 18; 19; 20; 21; 22; 23; 24; 25; 26; 27; 28; 29; 30; 101; 102; 103; 104; 105","103",NA,NA,NA,NA,NA,"5028, 20.9",NA,NA,NA,NA,NA
"76","2020-09-28",48,NA,NA,NA,NA,NA,NA,NA,NA,"5028, 28.5",NA,NA,NA,"5028, 48.7",NA
"77","2020-09-29",48,NA,NA,"3",NA,NA,NA,NA,NA,"6033, 33.3",NA,NA,NA,NA,NA
"78","2020-09-30",48,NA,NA,"103",NA,NA,NA,NA,NA,"5140, 25.5",NA,NA,NA,"5140, 57.8",NA
"79","2020-10-01",48,NA,NA,"103",NA,NA,NA,NA,NA,"5140, 27.7",NA,NA,NA,"5140, 52.2",NA
"80","2020-10-02",48,NA,NA,"25; 103",NA,NA,NA,NA,NA,"5140, 30.9",NA,NA,NA,NA,NA
"81","2020-10-03",48,NA,NA,"13; 103; 104",NA,NA,NA,NA,NA,NA,NA,NA,NA,NA,NA
"82","2020-10-04",48,NA,NA,"2; 3; 8; 13; 15; 16; 17; 18; 21; 103; 104",NA,NA,NA,NA,"26; 28",NA,NA,NA,NA,"5140, 53.8",NA
"83","2020-10-05",48,NA,NA,"13; 103",NA,NA,NA,NA,NA,NA,NA,NA,"101",NA,NA
"84","2020-10-06",48,NA,NA,"13; 104",NA,NA,NA,NA,NA,NA,NA,NA,NA,NA,NA
"85","2020-10-07",48,NA,NA,"13",NA,NA,NA,NA,"28","5005, 28.5",NA,NA,NA,"5005, 42.2; 5140, 53.7",NA
"86","2020-10-08",53,NA,NA,"1; 13","5005, 07:30:57; 5140, 10:43:43; 6011, 10:30:41; 6047, 08:49:02; 6134, 10:25:16",NA,NA,NA,"10; 27","4070, 18.5; 5005, 17.6; 5123, 31.7; 5140, 17.7; 6011, 23.3; 6020, 32.6; 6042, 18.9; 6047, 18; 6084, 27.5; 6134, 18","5120, 79.3",NA,"101","4070, 40.2; 5005, 17.1; 5140, 30.8; 6011, 57.9; 6020, 55.1; 6042, 41.5; 6047, 34.5; 6134, 33.9",NA
"87","2020-10-09",48,NA,"1","13; 103; 104",NA,NA,NA,NA,NA,NA,NA,NA,"102",NA,NA
"88","2020-10-10",48,NA,"11","5; 6; 13; 103; 104",NA,NA,NA,NA,"19; 20",NA,NA,NA,"101; 102",NA,NA
"89","2020-10-11",48,NA,NA,"9; 13; 103",NA,NA,NA,NA,"8; 23; 30",NA,"5120, 78",NA,NA,NA,NA
"90","2020-10-12",48,NA,NA,"6; 9; 13; 17",NA,NA,NA,NA,"6; 13; 14","4070, 32.9; 6027, 13.3; 6090, 26.5; 6126, 33.7; 7039, 23","5123, 82.3; 6042, 82.2; 7027, 115.7",NA,"101","6027, 41.6",NA
"91","2020-10-13",48,NA,NA,"6; 13; 104",NA,NA,NA,NA,"10",NA,"2074, 75.7; 7030, 80.7000000000001",NA,"101",NA,NA
"92","2020-10-14",48,NA,NA,"13",NA,NA,NA,NA,NA,"7039, 34.4",NA,NA,"101; 102",NA,NA
"93","2020-10-15",48,NA,"105","13",NA,NA,NA,NA,"19",NA,NA,NA,"102",NA,NA
"94","2020-10-16",48,NA,"5; 24","6; 13; 30; 103",NA,NA,NA,NA,NA,NA,NA,NA,NA,NA,NA
"95","2020-10-17",48,NA,"5","5; 13; 30",NA,NA,NA,NA,"9; 26",NA,"5123, 76.8; 5135, 75.9; 7019, 76.1",NA,"101",NA,NA
"96","2020-10-18",48,NA,"5","5; 6; 7; 13; 103",NA,NA,NA,NA,NA,NA,"5123, 77; 6069, 75.7; 7027, 76.1",NA,"102",NA,NA
"97","2020-10-19",48,NA,NA,"7; 10; 12; 13",NA,NA,NA,NA,"12",NA,"7027, 95.1000000000001",NA,"102; 105",NA,NA
"98","2020-10-20",48,NA,"101","1; 2; 6; 12; 13",NA,NA,NA,NA,"12",NA,NA,NA,"101; 102",NA,NA
"99","2020-10-21",48,NA,NA,"1; 12; 13","5133, 08:01:39",NA,NA,NA,"7","5133, 19.4",NA,NA,NA,"5133, 38.2; 7039, 57.1",NA
"100","2020-10-22",52,NA,NA,"12; 13","7029, 09:04:44; 7039, 11:41:50; 7051, 11:40:53; 8015, 10:41:07",NA,NA,NA,"9","4044, 29.7; 5061, 31.1; 5067, 23.6; 5114, 21.9; 7029, 18; 7039, 27.1; 7051, 20; 8015, 28",NA,NA,"101; 102","4044, 48.5; 5061, 38.3; 5067, 42; 5114, 26; 5137, 59.4; 7029, 27.8; 7039, 49.6; 7051, 34.5; 8015, 48.5",NA
"101","2020-10-23",48,NA,"2; 4; 7; 8","2; 4; 5; 6; 8; 12; 13; 30; 104",NA,NA,NA,NA,"6","7023, 21.6","6030, 75.1; 6126, 113.2",NA,"101","7023, 30.7",NA
"102","2020-10-24",48,NA,"2; 4; 5; 14; 15; 16; 104","2; 3; 4; 5; 9; 11; 12; 13; 28; 103",NA,NA,NA,NA,NA,"4001, 25.3; 7023, 32.9",NA,NA,NA,"4001, 34.7; 7023, 56.1",NA
"103","2020-10-25",48,NA,"2; 4; 7; 8; 19; 20","2; 4; 6; 7; 8; 9; 11; 12; 13; 19; 20; 30; 103; 104",NA,NA,NA,NA,NA,NA,"5042, 76.5; 5135, 76; 7027, 86.1999999999999",NA,"102","4001, 53; 7023, 24.2",NA
"104","2020-10-26",48,NA,"2; 4; 8; 9; 12; 16; 29","2; 4; 5; 6; 7; 8; 9; 11; 12; 13; 16; 18; 20; 21; 27; 30; 103; 104",NA,NA,NA,NA,"12; 28","4001, 29.6; 6028, 34.6; 7023, 34.6",NA,NA,"102","7023, 58.6",NA
"105","2020-10-27",48,NA,NA,"12; 13; 103",NA,NA,NA,NA,"12; 16",NA,"5123, 79.4",NA,"102","4001, 52.8",NA
"106","2020-10-28",48,NA,NA,"12; 13; 103",NA,NA,NA,NA,"21",NA,"5067, 75.2; 5123, 78.1",NA,"102",NA,NA
"107","2020-10-29",48,NA,NA,"12; 13; 104",NA,NA,NA,NA,NA,NA,NA,NA,"102",NA,NA
"108","2020-10-30",47,"Yes","8","12; 13; 30; 104",NA,NA,NA,NA,"12; 24",NA,"5137, 89.4; 6020, 105.8",NA,"102",NA,NA
"109","2020-10-31",47,"Yes","30","6; 12; 13",NA,NA,NA,NA,"12",NA,NA,NA,"102","6033, 60",NA
"110","2020-11-01",47,"Yes","3; 5; 6; 18","6; 12; 13; 30",NA,NA,NA,NA,"1",NA,NA,NA,"102",NA,NA
"111","2020-11-02",48,NA,NA,"13; 30",NA,"12",NA,NA,NA,"6130, 25.3",NA,NA,"101; 102","6130, 18.4",NA
"112","2020-11-03",48,NA,NA,"9; 11; 30; 103",NA,NA,NA,NA,NA,NA,NA,NA,"101; 102",NA,NA
"113","2020-11-04",48,NA,"104","103",NA,NA,NA,NA,NA,"5028, 9.20000000000001","5123, 75",NA,"101","5028, 45.2",NA
"114","2020-11-05",53,NA,"4","6; 13","4001, 08:38:13; 4070, 09:06:35; 6042, 11:22:44; 7010, 04:50:23; 7030, 11:21:30",NA,NA,NA,NA,"3131, 31.2; 4001, 16.3; 4070, 20.5; 5028, 24.2; 5059, 27.1; 6042, 14.1; 6079, 29; 6087, 17.4; 7010, 7.1; 7030, 25.6",NA,NA,"102","3131, 45; 4001, 18.8; 4070, 42.8; 5028, 31.4; 5059, 28.4; 6029, 59.4; 6042, 33.7; 6087, 28.9; 7010, 24.3; 7030, 45.3",NA
"115","2020-11-06",48,NA,"4; 16; 17","3; 5; 11; 13; 30; 104",NA,NA,NA,NA,"5; 11; 13; 15; 30","5028, 29.8","5120, 76.2; 6033, 93; 6069, 85.1; 6079, 78.7; 7024, 83.7",NA,NA,NA,NA
"116","2020-11-07",48,NA,NA,"6; 13; 30; 103",NA,NA,NA,NA,NA,"5028, 26.6",NA,NA,NA,"5028, 54.4",NA
"117","2020-11-08",48,NA,"18; 102","6",NA,NA,NA,NA,NA,"5114, 31.8; 7018, 33.1",NA,NA,"101","5137, 57.3",NA
"118","2020-11-09",47,"Yes","15; 18; 102","14; 18; 104; 105",NA,NA,NA,NA,"14",NA,NA,NA,NA,"5124, 59.1; 5145, 55.9",NA
"119","2020-11-10",47,"Yes","18; 102","14",NA,"1",NA,NA,"14; 17","5139, 34.5","7033, 96",NA,"102","5137, 43.7",NA
"120","2020-11-11",47,"Yes","102","14; 104",NA,"1",NA,NA,"9; 14",NA,"5135, 75.6",NA,"101",NA,NA
"121","2020-11-12",46,"Yes","12; 24; 102; 104","6; 13; 14",NA,"1",NA,NA,"14; 24","6130, 33.5","6079, 99.6",NA,"102","2074, 59.4",NA
"122","2020-11-13",47,"Yes","3; 14; 24; 102","13; 14; 103",NA,"1",NA,NA,"14","5028, 21.8","6020, 75.6",NA,"102","5028, 57.4; 6033, 57.8",NA
"123","2020-11-14",48,NA,"26","13; 14; 26; 103; 104",NA,NA,"1",NA,"7; 13; 14; 19","6028, 32",NA,NA,"101; 102","6028, 59.9",NA
"124","2020-11-15",48,NA,NA,"13; 14; 21; 30; 104",NA,NA,NA,NA,"10; 13; 14; 22; 30",NA,"3131, 85.7; 4080, 76.7; 5042, 76.8; 5058, 83.7; 5061, 89.9; 5135, 98.7; 6029, 84; 6050, 77.3; 7033, 77.2",NA,NA,NA,NA
"125","2020-11-16",48,NA,"19; 20","8; 13; 14; 26; 30; 103; 104",NA,"1",NA,NA,"9; 14; 30",NA,"4044, 75.8",NA,"103","5137, 57.2",NA
"126","2020-11-17",48,NA,NA,"1; 6; 13; 14; 103",NA,NA,NA,NA,"1; 14; 19",NA,"4072, 75.7; 5123, 81.7; 6084, 92.4",NA,"101",NA,NA
"127","2020-11-18",48,NA,NA,"13; 14",NA,NA,NA,NA,"14; 29",NA,"4080, 76.2",NA,"101; 104","5139, 56.7",NA
"128","2020-11-19",48,NA,NA,"13; 14",NA,NA,NA,NA,"11; 14",NA,"5042, 84",NA,"102","6033, 59.9",NA
"129","2020-11-20",53,NA,"104","13; 14; 103","5067, 09:07:58; 5114, 08:45:49; 6028, 10:35:37; 6126, 11:07:29; 6130, 11:19:55",NA,NA,NA,"13; 14","2051, 29.2; 5046, 22.6; 5067, 24.1; 5114, 26.8; 6028, 25.7; 6060, 0.200000000000002; 6126, 26.8; 6130, 15.9","5042, 85.0000000000001; 6069, 77.1; 6084, 85.4999999999999; 7023, 78.1",NA,"101","2051, 23.8; 5046, 46.7; 5067, 58.5; 5114, 48.5; 6028, 41.3; 6060, 0.100000000000001; 6126, 47; 6130, 34",NA
"130","2020-11-21",48,NA,NA,"6; 13; 14; 30; 103",NA,NA,NA,NA,"11; 13; 14; 21; 24; 28",NA,"5061, 92.8; 6079, 79.4",NA,"101","5137, 59.4",NA
"131","2020-11-22",48,NA,"6","6; 7; 13; 14; 103",NA,NA,NA,NA,"14",NA,NA,NA,"101","5139, 54.2",NA
"132","2020-11-23",48,NA,"2; 105","2; 7; 13; 14; 104",NA,NA,NA,NA,"14; 17",NA,"6022, 76.7",NA,NA,NA,NA
"133","2020-11-24",48,NA,NA,"6; 13; 14; 104",NA,NA,NA,NA,"14; 19",NA,"5042, 85.1",NA,"101; 102; 104",NA,NA
"134","2020-11-25",48,NA,NA,"13; 14; 102; 103",NA,NA,NA,NA,"14",NA,"5123, 79.5000000000001",NA,"102",NA,NA
"135","2020-11-26",48,NA,NA,"13; 14; 103",NA,NA,NA,NA,"1; 14; 22",NA,NA,NA,NA,"5139, 51.3",NA
"136","2020-11-27",48,NA,NA,"13; 14; 103",NA,NA,NA,NA,"3; 24",NA,NA,NA,"103; 104","6033, 58.4",NA
"137","2020-11-28",48,NA,NA,"13; 14; 103; 104",NA,NA,NA,NA,NA,NA,"5123, 76.1; 6022, 77",NA,"103","6033, 57.9",NA
"138","2020-11-29",48,NA,"105","13; 14; 103; 104",NA,NA,NA,NA,"3; 14","5046, 30.6; 5139, 25",NA,NA,NA,"5139, 45.8",NA
"139","2020-11-30",48,NA,NA,"13; 14; 104",NA,NA,NA,NA,"14",NA,"6022, 76.5; 7027, 75.1",NA,"101; 103; 104","5139, 50.5",NA
"140","2020-12-01",48,NA,NA,"13; 14; 103",NA,NA,NA,NA,"14","5139, 33.7","5061, 75",NA,"104","5046, 53.4; 5139, 40.7",NA
"141","2020-12-02",48,NA,NA,"14",NA,NA,NA,NA,"14","5139, 35",NA,NA,NA,"5139, 56.9",NA
"142","2020-12-03",48,NA,NA,"13; 103",NA,"14",NA,NA,NA,"5139, 33.7",NA,NA,"101",NA,NA
"143","2020-12-04",52,NA,NA,"6; 13; 30","2074, 09:16:17; 5139, 02:23:22; 5145, 01:32:59; 6030, 10:48:15; 7043, 11:06:24","14",NA,NA,"1","2074, 29.8; 5139, 3.9; 5145, 8.5; 6030, 31.7; 6041, 33.1; 6067, 33.1; 7043, 26.9",NA,NA,"101","2074, 33; 6030, 46; 6041, 38.5; 6067, 53.2; 7043, 47; 7046, 54.8",NA
"144","2020-12-05",47,"Yes","104","13; 103",NA,"14",NA,NA,NA,NA,NA,NA,"104",NA,NA
"145","2020-12-06",47,"Yes",NA,"13; 103; 104",NA,"14",NA,NA,NA,NA,"4044, 75.3",NA,"104",NA,NA
"146","2020-12-07",48,NA,"9; 104","6; 13; 18; 103; 104","6087, 10:47:17",NA,NA,NA,"9","4008, 21; 6033, 32.7; 6087, 15.3",NA,NA,"101; 102; 104","4008, 10.5; 6087, 34.8",NA
"147","2020-12-08",48,NA,"8; 10; 16; 26; 104","6; 18; 103",NA,NA,NA,NA,"5; 6; 10; 16; 18",NA,"4072, 75.1",NA,"101; 104","6087, 51.5",NA
"148","2020-12-09",48,NA,"101","103",NA,NA,NA,NA,"13",NA,NA,NA,"101; 104",NA,NA
"149","2020-12-10",48,NA,"8; 105","103",NA,NA,NA,NA,NA,NA,"5123, 75.6",NA,"101",NA,NA
"150","2020-12-11",48,NA,"24; 105","103",NA,"104",NA,NA,NA,NA,NA,NA,NA,"6050, 58.4",NA
"151","2020-12-12",48,NA,"6","103",NA,"104",NA,NA,NA,NA,NA,NA,"101",NA,NA
"152","2020-12-13",48,NA,"6","103",NA,"104",NA,NA,"27",NA,"5123, 77",NA,"101",NA,NA
"153","2020-12-14",48,NA,"6; 105","6; 7; 103",NA,"104",NA,NA,"20",NA,NA,NA,"101","5135, 51.4",NA
"154","2020-12-15",48,NA,"105","23; 103",NA,"104",NA,NA,NA,NA,NA,NA,"101; 102",NA,NA
"155","2020-12-16",48,NA,NA,"30; 103",NA,NA,NA,NA,NA,NA,"5123, 75.1",NA,"101",NA,NA
"156","2020-12-17",47,"Yes",NA,"103; 104",NA,NA,NA,NA,"8",NA,NA,NA,"101","5137, 59.2",NA
"157","2020-12-18",47,"Yes","6","6; 103; 104",NA,NA,NA,NA,NA,NA,"5120, 75.5",NA,"101","6033, 54.2",NA
"158","2020-12-19",47,"Yes",NA,"6; 103",NA,NA,NA,NA,NA,"5028, 27.2",NA,NA,"101; 102",NA,NA
"159","2020-12-20",47,"Yes",NA,"30; 103; 104",NA,NA,NA,NA,"5","5028, 7.39999999999999",NA,NA,"101","5028, 0.600000000000001",NA
"160","2020-12-21",47,"Yes",NA,"3; 6; 7; 8; 12; 17; 21; 22; 23; 28",NA,NA,NA,NA,NA,"5028, 24.9",NA,NA,NA,"5028, 21.4",NA
"161","2020-12-22",59,NA,"5; 6; 10; 12; 13; 17; 18; 23; 24; 26; 28; 29; 102; 104; 105","103; 104","5028, 07:16:17; 6027, 11:40:53; 6079, 11:53:14",NA,NA,NA,NA,"2063, 20.6; 3119, 25.9; 4072, 18; 5028, 11.2; 5035, 30.3; 5058, 29.4; 5096, 1.2; 5123, 24.4; 6027, 23.7; 6043, 19.1; 6060, 24.6; 6069, 25.6; 6079, 32.2; 6129, 22.1; 7023, 13.7; 7025, 27.6; 7045, 32.5; 7057, 29.2; 7064, 27.7; 7068, 19.9; 7078, 34.8; 7095, 29.9",NA,NA,NA,"2063, 39.9; 4072, 33.6; 5028, 16.5; 5035, 58.1; 5058, 55.1; 5096, 22.4; 5123, 42.6; 6027, 32.4; 6033, 55.4; 6043, 26.8; 6060, 33.1; 6069, 26.5; 6079, 56.7; 6129, 24.2; 7023, 21.2; 7025, 41.9; 7045, 54.8; 7057, 54; 7064, 32.3; 7068, 43.1; 7078, 48.3; 7095, 53.4",NA
"162","2020-12-23",48,NA,NA,"2; 13; 102; 103; 104",NA,NA,NA,NA,NA,NA,"5096, 76.5",NA,NA,"6043, 55.8; 7018, 53.5",NA
"163","2020-12-24",48,NA,NA,NA,NA,NA,NA,NA,"1",NA,"6067, 76.6",NA,"101",NA,NA
"164","2020-12-25",48,NA,NA,"1; 3; 8; 13; 103",NA,NA,NA,NA,NA,NA,NA,NA,NA,"5137, 59.2; 6043, 54.1; 7057, 57.2",NA
"165","2020-12-26",48,NA,NA,"103; 104",NA,NA,NA,NA,NA,NA,NA,NA,NA,NA,NA
"166","2020-12-27",48,NA,NA,"103; 104",NA,NA,NA,NA,"21",NA,NA,NA,"101; 102","6033, 59.2",NA
"167","2020-12-28",48,NA,NA,"1; 6; 103; 104",NA,NA,NA,NA,"14",NA,NA,NA,NA,NA,NA
"168","2020-12-29",48,NA,NA,NA,NA,NA,NA,NA,"14",NA,NA,NA,NA,"5137, 57.7",NA
"169","2020-12-30",48,NA,NA,"6; 103; 104",NA,NA,NA,NA,"2",NA,NA,NA,NA,"6033, 56.4",NA
"170","2020-12-31",48,NA,NA,"103",NA,NA,NA,NA,NA,NA,NA,NA,NA,"6033, 59.8",NA
"171","2021-01-01",48,NA,"19","103; 104",NA,NA,NA,NA,NA,NA,NA,NA,NA,NA,NA
"172","2021-01-02",48,NA,NA,"5; 6; 103; 104",NA,NA,NA,NA,"16",NA,NA,NA,NA,NA,NA
"173","2021-01-03",48,NA,NA,"6; 103",NA,NA,NA,NA,"8",NA,NA,NA,NA,"6033, 50.2",NA
"174","2021-01-04",48,NA,NA,"103; 105",NA,NA,NA,NA,NA,NA,NA,NA,NA,"5137, 58.1; 6033, 52.8",NA
"175","2021-01-05",48,NA,NA,"103; 104",NA,NA,NA,NA,"30",NA,NA,NA,"101",NA,NA
"176","2021-01-06",48,NA,NA,"6; 103",NA,NA,NA,NA,NA,NA,NA,NA,NA,"5137, 48.6; 6033, 57.2",NA
"177","2021-01-07",52,NA,"102","103; 104","5137, 05:08:26; 6121, 05:10:34; 7024, 02:51:29; 7027, 02:54:30",NA,NA,NA,NA,"5137, 3.3; 6085, 30.6; 6092, 31.2; 6121, 3.3; 7024, 2.5; 7027, 2.7; 7032, 26.2; 7048, 32; 7110, 30.5",NA,NA,NA,"5137, 7.6; 6050, 55.9; 6085, 26; 6092, 39; 6121, 3.2; 7027, 11.8; 7032, 55.9; 7048, 51.1; 7110, 34.2",NA
"178","2021-01-08",48,NA,NA,"103",NA,NA,NA,NA,"1",NA,"7033, 100.4",NA,"101",NA,NA
"179","2021-01-09",48,NA,NA,"103; 104",NA,NA,NA,NA,"16",NA,NA,NA,NA,NA,NA
"180","2021-01-10",48,NA,NA,"6; 103",NA,NA,NA,NA,NA,NA,NA,NA,NA,NA,NA
"181","2021-01-11",48,NA,NA,"103; 104",NA,NA,NA,NA,"25",NA,NA,NA,NA,"5046, 59.4",NA
"182","2021-01-12",48,NA,NA,"6; 7; 103; 104",NA,NA,NA,NA,"21",NA,NA,NA,NA,NA,NA
"183","2021-01-13",48,NA,"8","103",NA,NA,NA,NA,NA,NA,NA,NA,NA,NA,NA
"184","2021-01-14",48,NA,NA,NA,NA,NA,NA,NA,"26",NA,NA,NA,NA,NA,NA
"185","2021-01-15",48,NA,NA,"103; 104",NA,NA,NA,NA,"1",NA,NA,NA,NA,NA,NA
"186","2021-01-16",48,NA,NA,"17; 104",NA,NA,NA,NA,"1; 13; 17; 20",NA,"6029, 96.8",NA,NA,NA,NA
"187","2021-01-17",48,NA,NA,"6; 17; 103; 104",NA,NA,NA,NA,"18","6085, 34.8",NA,NA,NA,NA,NA
"188","2021-01-18",48,NA,NA,"3; 104",NA,NA,NA,NA,"26","5120, 34.8","6085, 79.5",NA,NA,"5120, 54.8; 6029, 59; 7018, 58.8",NA
"189","2021-01-19",48,NA,NA,"103",NA,NA,NA,NA,"15; 22","5124, 19",NA,NA,NA,"5124, 36.5",NA
"190","2021-01-20",48,NA,"8","6; 103","5135, 07:07:39; 7019, 10:07:52",NA,NA,NA,NA,"5135, 14.6; 7019, 19.4",NA,NA,"103","5135, 17.3; 7019, 20.7",NA
"191","2021-01-21",51,NA,NA,"1; 103","3119, 10:24:28; 3131, 07:38:47; 7055, 11:22:53",NA,NA,NA,NA,"3131, 15.9; 6086, 13.8; 7055, 23.5; 7109, 31.7; 7116, 31.5; 7136, 23.8",NA,NA,"102","3119, 58; 3131, 44.3; 6086, 21.5; 7109, 42; 7116, 42.5; 7136, 41",NA
"192","2021-01-22",48,NA,NA,"5; 103",NA,NA,NA,NA,NA,NA,NA,NA,NA,"7018, 54",NA
"193","2021-01-23",48,NA,NA,"104",NA,NA,NA,NA,"16",NA,NA,NA,NA,"7018, 55.8",NA
"194","2021-01-24",48,NA,NA,"6; 103; 104",NA,NA,NA,NA,"7; 11",NA,NA,NA,NA,NA,NA
"195","2021-01-25",48,NA,NA,"6; 7; 103; 104",NA,NA,NA,NA,"3",NA,NA,NA,NA,"6055, 55.6; 7048, 57.7",NA
"196","2021-01-26",48,NA,NA,"1; 6; 103",NA,NA,NA,NA,"6; 12; 22",NA,NA,NA,NA,"7018, 55.4",NA
"197","2021-01-27",48,NA,"8","6; 103",NA,NA,NA,NA,"23",NA,NA,NA,NA,NA,NA
"198","2021-01-28",48,NA,"8","103",NA,NA,NA,NA,NA,NA,NA,NA,NA,"7018, 50.8; 7057, 59.3",NA
"199","2021-01-29",48,NA,"8","1; 103; 104",NA,NA,NA,NA,NA,NA,NA,NA,NA,NA,NA
"200","2021-01-30",48,NA,NA,"6; 103",NA,NA,NA,NA,NA,NA,NA,NA,NA,NA,NA
"201","2021-01-31",48,NA,NA,"103",NA,NA,NA,NA,NA,NA,NA,NA,NA,NA,NA
"202","2021-02-01",48,NA,"6","6; 103",NA,NA,NA,NA,"6",NA,NA,NA,"101","6043, 57.3; 7018, 48.2",NA
"203","2021-02-02",47,"Yes",NA,"103",NA,NA,NA,NA,NA,NA,NA,NA,NA,NA,NA
"204","2021-02-03",47,"Yes","5","6; 103",NA,NA,NA,NA,NA,"6050, 29.4",NA,NA,NA,"5124, 57.4; 6050, 51; 6055, 59.4",NA
"205","2021-02-04",58,NA,"8","1; 6; 102; 103; 104","5046, 07:44:39; 5124, 03:22:15; 6020, 10:39:20; 6050, 02:48:47; 6055, 11:30:02; 7018, 10:38:43; 7022, 10:36:29; 7032, 09:31:18; 7033, 11:45:13",NA,NA,NA,"1","3139, 21.8; 4105, 27.2; 5046, 18.4; 5124, 7; 6020, 22.7; 6050, 5.9; 6055, 20.1; 6064, 10.9; 6068, 13.8; 6069, 0; 6096, 16.1; 7018, 13.9; 7022, 20.3; 7032, 13; 7033, 15.9; 7059, 12.8; 7060, 17.3; 7115, 14.6; 7119, 20.7; 7156, 17.4",NA,NA,NA,"3139, 34.7; 4105, 37.5; 5046, 30.6; 5124, 9.59999999999999; 6020, 41.1; 6050, 6; 6055, 36.2; 6064, 22.5; 6068, 15.7; 6096, 9; 7018, 24.7; 7022, 46.4; 7032, 36.9; 7033, 31.4; 7059, 5.6; 7060, 20.9; 7115, 38.7; 7119, 45.3; 7156, 23.1",NA
"206","2021-02-05",48,NA,"8; 20; 27","1; 102; 103; 104",NA,NA,NA,NA,NA,"3139, 26.7; 4008, 31.8; 6064, 27.7; 6086, 28; 7025, 33.7; 7057, 32.2; 7059, 26.1; 7060, 31.2; 7114, 34; 7116, 28.5; 7119, 27; 7136, 28.6; 7156, 30.2",NA,NA,NA,"4080, 57.9; 5100, 53.8; 5120, 47.1; 6086, 39.1; 6096, 58.7; 7057, 28.4; 7059, 49.6; 7119, 38.3; 7156, 22.2",NA
"207","2021-02-06",48,NA,"22; 101","3; 102; 103",NA,"5; 6",NA,NA,"3; 14","3139, 29.5; 4008, 31.2; 4105, 33.3; 5100, 34.1; 6064, 13; 6068, 32.7; 6086, 20.9; 7059, 25.5; 7060, 34.8; 7095, 33.7; 7109, 32; 7114, 27.1; 7115, 32.4; 7116, 24; 7136, 31.8; 7156, 28.1",NA,NA,NA,"6005, 28.4; 6096, 26.3; 7057, 47.4; 7059, 22.4; 7060, 57.4; 7119, 46.7; 7156, 19.6",NA
"208","2021-02-07",48,NA,NA,"1; 30; 103",NA,"5; 6",NA,NA,"1",NA,NA,NA,NA,"7057, 42.4; 7116, 56",NA
"209","2021-02-08",48,NA,NA,"1; 3; 16; 30; 104",NA,"5; 6",NA,NA,"30",NA,NA,NA,NA,NA,NA
"210","2021-02-09",48,NA,"8; 10; 14; 23; 24","7",NA,"5; 6",NA,NA,"9",NA,NA,NA,NA,NA,NA
"211","2021-02-10",48,NA,"8","6; 103",NA,NA,NA,NA,NA,NA,NA,NA,NA,NA,NA
"212","2021-02-11",48,NA,"26","1; 2; 7; 8; 9; 10; 11; 12; 13; 15; 16; 23; 24; 25; 26; 29; 101; 102; 103; 104; 105",NA,NA,NA,NA,NA,"5061, 32.1; 5100, 31.3; 6084, 32.3; 6086, 31.3; 6087, 33.2; 7025, 26.9; 7109, 32.5; 7115, 33.5; 7116, 24.4; 7119, 34.2; 7136, 27.9",NA,NA,NA,"5061, 43.8; 5096, 44.1; 6086, 57.2; 7109, 49.4; 7116, 35",NA
"213","2021-02-12",48,NA,"1; 2; 5; 19; 22; 23; 29; 101; 104","7; 21; 101; 102; 103; 104",NA,NA,NA,NA,"27","6005, 33.3; 6064, 30.2; 7045, 29.3; 7057, 29.1; 7114, 34.8",NA,NA,NA,"2051, 52.5; 4008, 52.9; 5042, 50.9; 5061, 57.6; 5096, 40.2; 5120, 30.4; 6005, 42.6; 6085, 47.1; 6086, 59; 7045, 60; 7057, 22.3; 7059, 45.2; 7064, 56; 7109, 35.1; 7136, 56.2; 7156, 57.9",NA
"214","2021-02-13",48,NA,"8","24; 30; 103; 104",NA,NA,NA,NA,"5; 8; 17",NA,"4008, 79.1; 4105, 78.8; 6022, 80.3; 6067, 82.3; 7064, 80.4; 7068, 81.6; 7095, 78.2; 7110, 83.3; 7136, 80.9",NA,"101","6085, 43.9",NA
"215","2021-02-14",48,NA,NA,"14; 30; 103; 104","6085, 03:35:55",NA,NA,NA,"10; 30",NA,NA,NA,NA,"6085, 4.09999999999999; 6090, 58; 7109, 49.2",NA
"216","2021-02-15",47,"Yes","6; 8; 12","6; 8; 30; 103; 104",NA,NA,NA,NA,"6; 8; 10; 25; 29",NA,"6022, 104.8; 6061, 99; 6067, 76.4; 7136, 87.3",NA,NA,"6061, 59.3",NA
"217","2021-02-16",47,"Yes",NA,"6; 30","5120, 04:07:45",NA,NA,NA,"15; 16; 30","5120, 8.2","5059, 76.1; 6022, 79.1",NA,"103","5042, 53.7; 5120, 6.7; 6090, 58.7; 7116, 56.7",NA
"218","2021-02-17",47,"Yes","8","6; 11; 30; 103; 104",NA,NA,NA,NA,"1; 7","6085, 1.7","5061, 75.4; 7046, 75.1",NA,NA,"6085, 4.79999999999999; 7114, 58.8",NA
"219","2021-02-18",52,NA,"4","103; 104","5041, 10:47:31; 5059, 09:24:26; 6005, 09:26:31; 7057, 06:56:02",NA,NA,NA,"20","5041, 20.8; 5059, 33; 6005, 23.6; 6062, 34.5; 7057, 16.3","6029, 80.6; 6067, 78.8",NA,NA,"2051, 53.7; 5041, 16.3; 5042, 55.2; 5059, 45.6; 5120, 45.4; 6005, 28; 6061, 57.5; 6062, 25.9; 6090, 52.3; 7135, 36.8; 7147, 45.8; 7153, 39.9; 7163, 36.6",NA
"220","2021-02-19",48,NA,NA,"103; 104",NA,NA,NA,NA,"13; 15; 17; 18; 25",NA,"5035, 79.7",NA,NA,NA,NA
"221","2021-02-20",48,NA,NA,"30; 103",NA,NA,NA,NA,"23; 28; 30",NA,"6067, 82",NA,NA,"5042, 56.6; 6090, 52.7; 7110, 56.2",NA
"222","2021-02-21",48,NA,NA,"6; 30; 103; 104",NA,NA,NA,NA,"9; 16",NA,NA,NA,NA,"2051, 58.1; 4080, 59.4",NA
"223","2021-02-22",48,NA,"3; 15","6; 30; 102; 103; 104",NA,NA,NA,NA,"18; 21",NA,"6029, 75.1; 7059, 75.6; 7064, 77.1",NA,NA,"5042, 55.9",NA
"224","2021-02-23",48,NA,"8","8; 25; 30; 103",NA,NA,NA,NA,"20; 22",NA,NA,NA,NA,"2051, 56.5; 5120, 58.1",NA
"225","2021-02-24",48,NA,"19","3; 30; 103",NA,NA,NA,NA,"10; 20; 26",NA,"5035, 76.9; 6029, 76.8; 6067, 83.1",NA,"102",NA,NA
"226","2021-02-25",48,NA,NA,"3; 30; 103",NA,NA,NA,NA,"3; 21; 23; 26",NA,"7136, 80.6",NA,NA,"5042, 49.8; 6090, 56.8",NA
"227","2021-02-26",48,NA,NA,"3; 30; 103",NA,NA,NA,NA,"3",NA,"4008, 87.7; 5100, 77.3",NA,"102",NA,NA
"228","2021-02-27",48,NA,"4; 6","3; 5; 6; 30; 103",NA,NA,NA,NA,"1; 2; 5; 21",NA,"4105, 79.6; 6067, 76.8",NA,"102","5042, 51.4; 6090, 59.1",NA
"229","2021-02-28",48,NA,NA,"3; 30; 103; 104",NA,NA,NA,NA,"7; 9; 15",NA,"4008, 78.6; 5035, 78.6; 6029, 81.4; 6061, 75.2; 6062, 76.4; 7048, 76",NA,NA,NA,NA
"230","2021-03-01",48,NA,NA,"6; 25; 30; 103; 104; 105",NA,NA,NA,NA,"9; 30",NA,"4105, 76.6",NA,"102",NA,NA
"231","2021-03-02",48,NA,"103","1; 2; 25; 30; 103",NA,NA,NA,NA,"1; 2; 22; 25; 26; 30",NA,"6029, 80.3; 7135, 117.9",NA,NA,"5042, 47.8; 7156, 59.9",NA
"232","2021-03-03",53,NA,NA,"101","2051, 07:53:26; 5042, 10:04:21; 5061, 07:52:05; 7095, 08:59:55; 7156, 10:02:04",NA,NA,NA,"2","2051, 21.4; 5042, 6.8; 5061, 6.00000000000001; 7095, 13.8; 7128, 29; 7138, 25.8; 7156, 18.4; 7163, 33.4; 8083, 30.1",NA,NA,NA,"2051, 36.6; 5042, 0.900000000000006; 5061, 2.1; 5100, 45.4; 6086, 49.8; 6090, 45.7; 6092, 59.5; 7046, 25.8; 7095, 49.9; 7128, 55.1; 7138, 26.5; 7156, 33.7; 7163, 38.4; 8083, 40.2",NA
"233","2021-03-04",48,NA,NA,"30",NA,NA,NA,NA,"12",NA,"6029, 80; 6045, 76; 7064, 76; 7078, 76.9",NA,"101; 102; 103",NA,NA
"234","2021-03-05",48,NA,NA,"6; 25",NA,NA,NA,NA,"10","6068, 34.1","6022, 79.9; 6045, 78.2; 6096, 76.3; 7068, 76.4",NA,NA,NA,NA
"235","2021-03-06",48,NA,"1; 5; 102","29; 30; 101; 103","6062, 07:12:56",NA,NA,NA,"1; 9; 17; 20; 25; 30","6062, 20.2","4105, 75.8; 6045, 75.6; 6067, 75.8",NA,"101","4008, 59.4; 5100, 58.5; 6062, 28.5",NA
"236","2021-03-07",48,NA,"3","3; 6; 30; 102; 105",NA,NA,NA,NA,NA,NA,NA,NA,"102","6041, 58.6; 6090, 44.2",NA
"237","2021-03-08",48,NA,"2","2; 12; 30; 103",NA,NA,NA,NA,NA,NA,"6022, 86.4; 6045, 86.7; 6062, 75.9; 6067, 82.2; 6068, 76.2; 7064, 76.2",NA,NA,NA,NA
"238","2021-03-09",48,NA,NA,"30; 102; 103",NA,NA,NA,NA,NA,NA,"5118, 78.6; 7068, 78.7; 7153, 78.4",NA,NA,NA,NA
"239","2021-03-10",48,NA,NA,"30; 103",NA,NA,NA,NA,"30",NA,"6067, 76; 6096, 78.2; 7064, 76",NA,NA,NA,NA
"240","2021-03-11",48,NA,"5; 6; 8","2; 3; 5; 6; 12; 30; 102",NA,NA,NA,NA,"1; 5; 6; 8",NA,"6045, 92.2; 7025, 159.1; 7046, 76.7; 7119, 98.7; 7163, 76",NA,"102",NA,NA
"241","2021-03-12",48,NA,NA,"6; 10",NA,NA,NA,NA,NA,NA,"4105, 78.3; 6029, 78.3; 6062, 78.8",NA,NA,NA,NA
"242","2021-03-13",48,NA,"4; 8","6; 30; 103",NA,NA,NA,NA,"16; 24",NA,NA,NA,NA,"6087, 59.1; 6090, 50.6",NA
"243","2021-03-14",48,NA,"2; 6","6; 30; 103",NA,NA,NA,NA,"10",NA,NA,NA,"101",NA,NA
"244","2021-03-15",48,NA,"1; 2; 3; 4; 5; 6; 7; 8; 9; 13; 14; 19; 22; 23; 24; 25; 26; 27; 30; 101; 103; 105","3; 4; 6; 7; 30; 103",NA,NA,NA,NA,"1; 6; 25; 30",NA,NA,NA,NA,NA,NA
"245","2021-03-16",48,NA,"12","28; 30; 104",NA,NA,NA,NA,NA,"4044, 30.6; 6090, 30.8; 7110, 32.6",NA,NA,NA,NA,NA
"246","2021-03-17",53,NA,"8","3; 6; 103","3139, 10:39:27; 4105, 08:55:37; 6022, 10:48:00; 7059, 10:47:59; 7135, 11:11:43",NA,NA,NA,"3","3139, 22.9; 4026, 24.4; 4057, 27.3; 4105, 16.9; 5064, 25.8; 6022, 31.2; 7059, 31.7; 7135, 17.6",NA,NA,"102","3139, 53.4; 4026, 31.5; 4057, 19.6; 4105, 40.7; 7059, 56.6; 7135, 29.5",NA
"247","2021-03-18",48,NA,NA,"5; 6; 30; 103; 104",NA,NA,NA,NA,NA,NA,NA,NA,"101; 102; 103",NA,NA
"248","2021-03-19",48,NA,"1; 2","1; 6; 30; 103",NA,NA,NA,NA,"1","6086, 33.5","5120, 82.0000000000001; 6061, 122.7; 7046, 81.2",NA,NA,"5100, 55.4",NA
"249","2021-03-20",48,NA,"5; 25; 30","1; 6; 30; 103",NA,NA,NA,NA,"1","6090, 33.8; 7115, 34.1","6061, 92.1; 6125, 118.4",NA,NA,"6090, 40.5; 7064, 50.5; 7109, 46.5; 7147, 58.4",NA
"250","2021-03-21",48,NA,"5","1; 5; 6; 104",NA,NA,NA,NA,"1; 5","5120, 34","6061, 105.7; 7109, 105.8",NA,"101",NA,NA
"251","2021-03-22",48,NA,"12","6; 103; 104",NA,NA,NA,NA,"26; 30","5100, 33.8; 6086, 29.9; 6090, 28.3","5064, 106.2",NA,"101; 102","6090, 41.8",NA
"252","2021-03-23",48,NA,"2; 8","24; 104",NA,NA,NA,NA,NA,"5100, 30.2; 7045, 32.7; 7116, 24.4",NA,NA,NA,"5096, 39; 5100, 59.3; 6061, 58.7; 7045, 54.5; 7116, 53.7; 7153, 51.4",NA
"253","2021-03-24",48,NA,"5; 8","6; 24; 30",NA,NA,NA,NA,NA,"5100, 34.7",NA,NA,NA,NA,NA
"254","2021-03-25",48,NA,"5; 8","6; 21; 24; 104",NA,NA,NA,NA,NA,"6090, 34.8",NA,NA,NA,NA,NA
"255","2021-03-26",48,NA,"5","6; 24",NA,NA,NA,NA,"10","5100, 30.9; 5120, 33.3; 6090, 29.4",NA,NA,NA,"6090, 47.3",NA
"256","2021-03-27",48,NA,"5","2; 30; 104",NA,NA,NA,NA,NA,NA,NA,NA,"101; 102","6090, 56.2",NA
"257","2021-03-28",48,NA,"5","2; 3; 11; 26",NA,NA,NA,NA,NA,NA,NA,NA,"102",NA,NA
"258","2021-03-29",48,NA,NA,"11",NA,NA,NA,NA,NA,NA,NA,NA,"101; 103; 104",NA,NA
"259","2021-03-30",48,NA,NA,"24",NA,NA,NA,NA,"21",NA,NA,NA,"101",NA,NA
"260","2021-03-31",48,NA,"6","103",NA,NA,NA,NA,NA,"5100, 32.5",NA,NA,"101",NA,NA
"261","2021-04-01",48,NA,NA,"6; 30; 102; 103",NA,NA,NA,NA,NA,NA,NA,NA,"101",NA,NA
"262","2021-04-02",48,NA,"6","6; 25; 30",NA,NA,NA,NA,NA,NA,NA,NA,"101","6090, 56",NA
"263","2021-04-03",48,NA,NA,NA,NA,NA,NA,NA,"28",NA,NA,NA,"101; 102",NA,NA
"264","2021-04-04",48,NA,NA,"24; 30; 104",NA,NA,NA,NA,NA,NA,NA,NA,"101",NA,NA
"265","2021-04-05",48,NA,NA,"6; 104",NA,NA,NA,NA,"5","6090, 28.6",NA,NA,"102; 103",NA,NA
"266","2021-04-06",48,NA,NA,"6; 7; 24; 30; 103",NA,NA,NA,NA,"17","6090, 24.8",NA,NA,"101; 102","6090, 40",NA
"267","2021-04-07",48,NA,"19","7; 24; 30; 102; 103",NA,NA,NA,NA,NA,"4080, 34.8; 6090, 29.6",NA,NA,"104","6090, 47.8",NA
"268","2021-04-08",58,NA,NA,"30; 103","4080, 09:57:36; 5035, 10:47:04; 6064, 11:13:03; 6067, 08:31:49; 6084, 09:53:47; 6090, 09:34:05; 7046, 09:54:46; 7068, 08:49:14; 7078, 10:55:23; 7119, 08:11:19",NA,NA,NA,"24","4080, 10.5; 5035, 14.5; 6017, 18.3; 6046, 32.3; 6064, 15.6; 6067, 26.9; 6084, 16.6; 6090, 8.99999999999999; 7046, 10.7; 7064, 22.7; 7068, 13; 7078, 21.5; 7119, 13.9; 7123, 25.5; 7139, 23.3; 7143, 23.1; 8145, 25.6; 8146, 24; 8154, 20; 9010, 23.1; 9012, 28.9",NA,NA,"101","4080, 18.9; 5035, 30.4; 6017, 36.6; 6046, 52.9; 6064, 39.1; 6067, 44.6; 6084, 30.1; 6090, 19.2; 7046, 27.5; 7064, 41.7; 7068, 20.4; 7078, 35.6; 7119, 26.2; 7123, 41.4; 7139, 50.9; 7143, 39.5; 8145, 49.1; 8146, 45; 8154, 26.5; 9010, 43.9; 9012, 48.4",NA
"269","2021-04-09",48,NA,NA,"7; 103; 104",NA,NA,NA,NA,NA,"6125, 33.7; 7064, 29.9; 8154, 33.2; 9010, 21.8",NA,NA,"101; 105","9010, 58",NA
"270","2021-04-10",48,NA,NA,"9; 103",NA,NA,NA,NA,NA,"5096, 24.4; 9010, 30.7",NA,NA,NA,"5096, 37.4; 9010, 59.6",NA
"271","2021-04-11",47,"Yes",NA,"7; 103; 104",NA,NA,NA,NA,NA,"8145, 34.4; 8154, 31.5",NA,NA,NA,NA,NA
"272","2021-04-12",49,NA,NA,"6; 104","4057, 00:46:18",NA,NA,NA,"23","4057, 5.4; 6064, 18.9; 7078, 32.3; 7153, 26.7; 8145, 31.9; 8154, 31.8",NA,NA,NA,"4057, 5.59999999999999; 6064, 40.6; 7078, 56.8",NA
"273","2021-04-13",48,NA,"8",NA,NA,NA,NA,NA,NA,"8154, 33.3",NA,NA,"101",NA,NA
"274","2021-04-14",48,NA,"8","3; 8",NA,NA,NA,NA,"22",NA,NA,NA,"101",NA,NA
"275","2021-04-15",48,NA,"6; 8","4; 6; 8; 25; 30; 104",NA,NA,NA,NA,NA,"5100, 32.4; 8154, 32.8000000000001",NA,NA,"101; 102",NA,NA
"276","2021-04-16",48,NA,NA,"7; 25; 30",NA,NA,NA,NA,"22","5120, 34.5; 8154, 30.1",NA,NA,"101",NA,NA
"277","2021-04-17",48,NA,"8; 14","6; 30",NA,NA,NA,NA,"25","7045, 21",NA,NA,"103","7045, 54.2; 9010, 44.7",NA
"278","2021-04-18",48,NA,NA,"30",NA,NA,NA,NA,NA,"6125, 34.2; 7153, 32.1; 8154, 34.3; 9012, 33.7",NA,NA,"101; 103",NA,NA
"279","2021-04-19",48,NA,NA,"103",NA,NA,NA,NA,NA,NA,NA,NA,NA,NA,NA
"280","2021-04-20",48,NA,NA,"30",NA,NA,NA,NA,"1","8154, 33.9",NA,NA,"102",NA,NA
"281","2021-04-21",48,NA,NA,NA,NA,NA,NA,NA,NA,NA,NA,NA,"102; 103",NA,NA
"282","2021-04-22",53,NA,"4","3; 5; 6","4026, 07:36:57; 6064, 10:36:40; 6087, 10:34:22; 7025, 10:38:50; 7078, 10:43:31",NA,NA,NA,NA,"4026, 17.5; 6064, 15; 6076, 33; 6087, 18.8; 6112, 28.7; 7025, 17.7; 7078, 14.3; 7150, 28.1",NA,NA,"101","4026, 39; 6064, 43.7; 6087, 33.5; 7025, 35.8; 7078, 33.4; 7150, 56.6",NA
"283","2021-04-23",48,NA,NA,"6; 103",NA,NA,NA,NA,NA,NA,NA,NA,NA,NA,NA
"284","2021-04-24",48,NA,NA,"30; 103",NA,NA,NA,NA,NA,NA,NA,NA,NA,NA,NA
"285","2021-04-25",48,NA,NA,"12; 103",NA,NA,NA,NA,NA,"6125, 31.8",NA,NA,NA,"6125, 58.3",NA
"286","2021-04-26",48,NA,"4","6; 103",NA,NA,NA,NA,"1; 3; 9",NA,NA,NA,"101",NA,NA
"287","2021-04-27",48,NA,NA,NA,NA,NA,NA,NA,"15; 19; 20; 22; 24; 28",NA,"5064, 75; 6017, 84.2; 6025, 75.5; 6045, 79.7; 6076, 76.6; 6112, 75.2",NA,NA,NA,NA
"288","2021-04-28",48,NA,"5; 7; 20","2; 103",NA,NA,NA,NA,"4",NA,"6062, 77.2",NA,NA,NA,NA
"289","2021-04-29",48,NA,NA,"103; 104",NA,NA,NA,NA,"23","9010, 30.6",NA,NA,"103",NA,NA
"290","2021-04-30",48,NA,NA,"103",NA,NA,NA,NA,NA,NA,"6017, 80.7; 6029, 77.6999999999999; 7123, 76.9",NA,"101; 103",NA,NA
"291","2021-05-01",48,NA,NA,"30; 103",NA,NA,NA,NA,NA,NA,"5064, 78.1; 6045, 75.7; 6046, 76.6; 6062, 75.6",NA,"101",NA,NA
"292","2021-05-02",48,NA,NA,NA,"4044, 11:36:11; 5064, 11:54:29; 5118, 10:25:45; 6025, 11:17:20; 6041, 11:26:53; 6086, 10:24:09; 6112, 11:36:54; 7060, 10:43:00; 7116, 11:53:24; 7143, 11:55:10; 8083, 11:34:50",NA,NA,NA,"14","4008, 29.6; 4044, 32.5; 5064, 24.6; 5100, 29.6; 5118, 28.8; 5120, 15.4; 6041, 30.5; 6061, 28.3; 6076, 33.3; 6086, 19.5; 6093, 29.3; 6112, 28.1; 6125, 30.7; 7045, 26.6; 7048, 25.3; 7060, 26.8; 7064, 27.5; 7109, 29.5; 7110, 29.7; 7114, 26.7; 7115, 30.5; 7116, 20.5; 7128, 34.2; 7136, 30.5; 7139, 27.4; 7143, 26.6; 7147, 24.6; 7150, 23.8; 7154, 28.9; 7163, 31.9; 8083, 18.8; 8145, 24.3; 8146, 34.8; 8154, 21.6; 9010, 28; 9012, 27.7",NA,NA,NA,"4008, 53.4; 5064, 46.3; 5100, 43.8; 5118, 50.7; 5120, 36.1; 6041, 58; 6061, 44.6; 6086, 33.9; 6093, 54; 6112, 53.1; 7045, 46.6; 7048, 42.5; 7060, 51.9; 7064, 57.2; 7109, 47.1; 7110, 45; 7114, 55.8; 7115, 58.3; 7116, 34.5; 7139, 53.1; 7143, 48.6; 7150, 41.1; 7154, 55.7; 8083, 42.8; 8145, 53; 8154, 39.8; 9010, 59.7; 9012, 51",NA
"293","2021-05-03",48,NA,"1; 2; 3; 4; 5; 6; 7; 8; 9; 10; 11; 12; 13; 14; 15; 16; 17; 18; 19; 20; 21; 22; 23; 24; 25; 26; 27; 28; 29; 30; 101; 102; 103; 104; 105","30; 103; 105",NA,NA,NA,NA,"13; 22",NA,"4008, 75.1999999999999; 5064, 97.8; 5118, 92.9; 5120, 81.4; 6017, 86.1; 6025, 78.4; 6045, 88; 6061, 79.5; 6062, 84.1; 6086, 76.6; 6112, 76.4999999999999; 7064, 77.4; 7109, 75.6; 7114, 80.6; 7116, 77.2; 7136, 82.2; 7147, 77.8; 7154, 78.7",NA,NA,NA,"5064, 180.7; 5118, 191.2; 6025, 186.5"
"294","2021-05-04",48,NA,"105","103",NA,NA,NA,NA,NA,NA,NA,NA,"101",NA,NA
"295","2021-05-05",48,NA,"8; 19","3; 6; 23; 25; 103",NA,NA,NA,NA,"21; 25","7045, 27.1; 8145, 33.6",NA,NA,"101; 102; 103",NA,NA
"296","2021-05-06",48,NA,NA,NA,NA,NA,NA,NA,"9","8154, 31.8",NA,NA,"102",NA,NA
"297","2021-05-07",48,NA,"20","6; 103",NA,"104",NA,NA,NA,NA,NA,NA,"101; 102; 103",NA,NA
"298","2021-05-08",53,NA,"12; 25","103","4044, 10:13:05; 5100, 10:33:07; 5120, 07:08:29; 6061, 08:07:04; 7048, 09:26:35","104",NA,NA,"25","4044, 14; 5100, 12.8; 5120, 9.69999999999999; 6046, 27.9; 6061, 20.4; 7028, 0; 7048, 15.7; 7162, 32; 8018, 32.8; 8021, 24.4; 8024, 30.8",NA,NA,"101; 103","4044, 22; 5100, 28; 5120, 16.3; 6061, 42; 7028, 29.2; 7048, 19.1; 7162, 49; 8021, 47.5",NA
"299","2021-05-09",48,NA,"19; 20","25; 30; 103",NA,"104",NA,NA,NA,NA,NA,NA,"101",NA,NA
"300","2021-05-10",48,NA,NA,"15; 103",NA,"104",NA,NA,"20",NA,NA,NA,"101",NA,NA
"301","2021-05-11",48,NA,"25","1; 3; 6; 28; 30; 103",NA,"104",NA,NA,"1; 15",NA,"7162, 77.4",NA,"103",NA,NA
"302","2021-05-12",48,NA,NA,"6; 11; 25; 103",NA,"104",NA,NA,"8; 25",NA,NA,NA,"101; 103",NA,NA
"303","2021-05-13",48,NA,"8","6; 23; 25; 103",NA,NA,NA,NA,NA,NA,NA,NA,"102; 103",NA,NA
"304","2021-05-14",48,NA,"3; 8; 12; 13","3; 5; 6; 103",NA,NA,NA,NA,"3",NA,"6076, 79.0999999999999",NA,"102; 103",NA,NA
"305","2021-05-15",48,NA,NA,"6",NA,NA,NA,NA,"15","8145, 35",NA,NA,"101; 102",NA,NA
"306","2021-05-16",48,NA,NA,"6; 103",NA,NA,NA,NA,NA,NA,NA,NA,"103; 105",NA,NA
"307","2021-05-17",48,NA,NA,"6; 28; 103",NA,NA,NA,NA,NA,NA,NA,NA,"103",NA,NA
"308","2021-05-18",48,NA,NA,"25; 103",NA,NA,NA,NA,NA,"8145, 34.8",NA,NA,NA,NA,NA
"309","2021-05-19",48,NA,"8","102; 103",NA,NA,NA,NA,"8; 11",NA,NA,NA,NA,NA,NA
