"cow","cluster","RC1","RC3","RC2","RC4","RC5"
2007,2,-0.760503115416589,-0.744557726036022,-0.257180993389847,-0.0727630507804647,-0.861196243143192
2051,2,-0.885744869479358,-0.0589715219604797,0.476161449145786,1.03979075742814,0.204490874054813
2063,1,0.763005115186806,0.597984241801552,0.663911723438931,0.0394590274026498,0.231178552261951
3067,1,-1.16004477666051,0.556427260723773,-0.985817163308167,-1.40690841993291,0.589121153089132
3117,2,0.536284378446462,-0.0111108149912637,-0.900469247427899,-0.350532464139508,-0.753111271932235
3131,1,0.0459350154121466,-0.262171452537209,-1.41161820891147,0.157483074895387,-0.235274340961808
3150,2,-1.15964877186314,-0.468650488706008,-0.771031102204009,0.578165199147891,-0.368455803545981
4001,1,2.29623945887749,1.70844121077265,0.817755850875349,-0.343390439574141,0.213020334659924
4008,1,1.15308685752175,0.385775319255359,-1.18654916448582,0.0524525599051645,-0.533677326022507
4026,2,-0.784184521153352,0.0952824480265885,0.514034579411831,-0.749655141733606,0.728037892170114
4044,2,-0.00989984970543199,-1.06806477443543,0.0293204061905709,-1.09531979234596,0.29406527131908
4057,2,-0.63553436320146,0.230130817776767,-0.304895576170606,0.941389759983221,-1.34538991430194
4072,1,0.389633944923998,0.516651747610897,0.0214631037091582,0.574024894041147,-0.225124277895648
4080,2,-0.171771050778538,-1.21019275516824,0.0633083485903084,1.15102254772601,-0.284640210851602
5005,1,-1.67118506621105,2.14125997200756,0.771819387190029,-0.660881455356855,1.9879192820142
5041,1,1.21344422781542,1.81447556766153,1.53137198888082,0.587063401496548,0.454330169461392
5042,1,4.81222546521606,0.764063554046415,0.105633895685218,0.886416770188481,2.03180593054724
5061,2,0.293778278958925,0.382781194833612,0.619837364492938,0.0919818664144655,-0.991516165484048
5064,2,-0.479782257538363,-0.843044291263714,0.420090794431028,-0.0377633599661205,-0.438982044506548
5096,2,-0.656963789434932,-0.0426549601809969,1.59368565056636,-0.788746459830274,-0.328620717105522
5100,2,0.299704463532948,-1.89177672740061,0.866858022212276,-0.541238787244847,-0.193939086074986
5118,1,-0.724824385942896,0.257691849449923,-0.573971988640125,0.203859138983366,0.848648690872822
5120,2,-0.201429974203869,1.08441768690135,2.40965410689912,-0.100983254469092,-0.245190670875039
5123,1,0.943126507560357,2.07348512088307,-0.774289532557592,0.957486461441706,-0.801361147398888
5124,2,0.0446735949816338,0.470038561894152,0.612379945549351,2.48628233218351,-0.703680047259157
5133,2,1.02220664962628,-0.497468717318198,-0.276985285143619,0.314136728811791,-0.369254590694279
5135,2,0.084817500511433,-0.0190045517975458,0.804850316639674,-0.82539017976662,-0.377770256937887
5137,2,-0.0605743553022456,-0.501300404289844,-0.201444285649097,-0.73415488623025,-1.18204911627221
5139,1,-0.808606431837932,0.681457913112764,-0.600187614800166,-0.46040354261483,0.657455852358844
5140,2,1.04614016931988,-1.3635704084121,-0.961215777428223,0.00689257105511228,-0.645736887870624
5145,1,0.639210587016876,-0.130300497502163,-0.943733474041356,-1.03106396586365,0.293137932770431
6004,1,-1.16194714301325,1.91093082170798,0.290420775050426,-1.40294017169739,-0.597290020200377
6005,2,0.304279245656314,-1.07865772670534,0.997516967064547,-0.924020096789932,-0.790157795670782
6011,1,2.70976951519324,-0.161073135763914,0.561049767540725,-1.22390618567183,1.36718785036948
6022,2,-0.537639580777782,-0.643503901586591,0.941496402415875,1.32365449751459,-0.167407495376494
6025,2,-1.23371558196726,-0.582844605489193,0.0404784131323746,2.18866580611873,0.879667159930093
6027,2,1.28313613381153,-0.041506786931663,0.384170518277621,0.0142998258115983,-0.666706338359647
6028,2,0.747028462206039,1.39749345287196,2.10607938616869,0.573863752998386,-1.36369382650408
6029,1,-0.966040200637885,1.71934020807976,1.37297241450724,-0.938316732106732,0.189207900829706
6033,1,0.511365083758397,-0.100563798122481,0.513346724590191,-0.0680691254975659,1.10498290892012
6041,2,0.280073915557723,0.349044198906096,-0.407270958033843,-0.806224850402727,-1.03787368427073
6043,2,-0.963338266932847,-1.30599705333201,1.04118118866053,-0.260744168153039,-0.246828302527317
6050,2,-0.161793259987176,-0.0520231658011724,1.61158506640227,0.0559089733216384,-0.645075054966373
6055,2,0.538876740541922,-1.53109873136269,-0.244212127035136,-1.03503978049312,0.111397057313735
6062,2,-0.517453359081973,-0.492422293445667,-0.877464000865138,0.984959396601606,-0.855907581865263
6067,2,-0.921550735356323,0.349316474827197,1.19281685521919,0.262424866481909,-0.0365040880864086
6068,2,0.130163031664883,-0.0146656024379232,0.807108796635746,0.569291769431393,-0.477080364863233
6069,1,0.374034615717778,0.755837545865064,0.922355709941696,1.19354138297142,2.56232976510569
6079,2,-0.126548874860815,-2.02178993428579e-05,-0.398104261633404,-0.0291324280289593,-0.862830189341663
6084,1,-0.36919398479406,1.80042444113375,0.0239409803360636,-0.191935797187566,-1.47984807972831
6086,2,-0.639709132844914,0.361216667751637,0.0433574823330799,-1.00224673030501,-0.590256990120434
6087,1,-0.79407889655651,1.33852398430223,0.0760489432838708,-0.809061332086481,1.81268127052394
6090,1,0.125434323788403,-0.257465532378209,-1.77508789824121,-0.35026026087914,1.06308915554761
6092,1,0.736694732259355,1.74879845628442,-1.64534176134221,0.386082823387368,-0.58269938984648
6093,2,0.767683659687848,-0.964578622854967,0.437512326421674,0.0896669878434312,-0.168424125594052
6096,1,-0.384606608720761,0.458464560926515,-1.21697258433668,-0.50531188957746,0.831783274566341
6125,2,-1.56205086754345,0.321264183590983,1.64868582839246,-1.37741185271734,1.18410214103854
6126,1,-0.34817281619233,1.17888174888199,-0.796479685978819,3.09230753017598,-1.16217287437003
6129,2,-0.955409363519754,0.448450443680588,0.150083044041196,-1.50386465301972,0.0724119086619729
6130,2,0.84944971013111,-1.4383912549237,-1.33444298391185,-0.161453371069397,0.650437653353653
6131,2,-0.658798085113519,-0.229397781492566,-0.245284319780041,-0.670339189922874,-0.877114513448588
6134,2,-0.217710823105795,-0.443362031398073,1.81852012691152,-0.0711222145143335,-0.613435915124028
7010,2,-0.50447364267603,-0.252673273170817,2.08614835864209,-0.323575833941323,0.425216285105441
7018,2,0.315187580969353,-1.1689122663995,-0.11587369868994,-0.341968466674586,0.2733012233177
7019,2,0.704751459504415,-0.099513319749838,0.825023789949592,-0.721404787535691,-1.30437453067203
7022,1,0.378522988218232,1.44952184546141,0.102113925851205,1.38791210515097,-0.875362840705767
7023,2,0.121632212123848,-2.0417372834977,-0.891971127430696,-0.518288054281541,0.870132808943271
7024,1,-0.626120449735575,0.727224077796123,-1.25683172841385,-0.95533344231256,0.0896566036446952
7025,2,-0.572206419964964,-1.28701834017252,-1.24339274611297,-0.983050860749961,-0.852411064571185
7027,2,3.33368157624829,-1.01745118564471,-0.0191169431322849,-0.680887141429377,-0.661380580691211
7029,1,-0.124910368693347,0.991713421669832,-0.310157092789573,-0.0555689997901831,-0.21933516727263
7030,2,2.3220158823775,-1.09094800847255,-0.00495798468363347,-0.926897926772879,-1.39318297875707
7033,1,-0.0455207971373066,-1.21030146373007,-1.94826221491165,2.12349960503847,2.57611256224162
7039,1,1.33245493959215,1.92316033296959,-1.56871283292739,-0.458779798287189,0.143982151353746
7043,1,-0.042308249886699,1.52670721877738,-1.06415386421443,0.141496346991394,0.263289454383808
7045,1,-0.553995268213858,2.29044115286804,-0.793456116123417,-0.501660922057481,-0.275114540690024
7048,2,-0.67280190368734,-0.728954441177788,0.401149615231375,-0.406647980003454,0.311861144881294
7051,1,0.139995952633997,1.43668592089556,-1.33311287435417,-0.319640198814584,-0.992004383446745
7060,1,0.553669991950093,1.25731174211933,-0.974366262867815,-0.119723605201939,-0.58872930399512
7064,1,-1.05672242554932,0.48470584369738,-1.6012205961194,-0.505629313961788,1.01756800811627
7065,2,-1.01559999090704,-1.1018887429035,0.293782864458119,-0.175870496262556,-1.12825181058338
7068,1,-0.525995650478338,-0.0924512417061307,-1.85040405329646,-0.00420510454902643,0.327345740675482
7078,2,-0.439904312913903,-0.734832023068947,-0.497618268615607,-0.32852463991479,0.102134137261076
7109,1,0.0496119478043472,0.882765315301558,-1.34759458883295,-1.16570379667337,0.00946437090508143
7110,2,-0.839174685547885,-0.375867069079745,0.558979621499857,0.178592407123164,-0.602660957050198
7114,2,0.127668015439514,-0.910677375551222,-0.551099740329038,0.0251930591989879,-0.143479463640998
7115,2,0.842943823393455,0.288832710595039,0.133881821135209,-1.06434877015027,-0.66013113488957
7116,2,-1.15179968571523,-0.688868509326112,-0.168266339701757,-0.0503850342208531,-0.103094141853544
7119,2,-0.200987043414228,0.0736781271201698,0.940292219278627,0.0327234757936153,0.59982504648469
7128,2,0.0192618232635874,-0.300559238774496,0.681748761144539,-0.838065012506768,-0.230568623224788
7136,2,-0.961753624381124,-1.53801297416913,-0.163294638512073,-0.128876949195672,-0.923842546773666
7138,2,1.22799915514733,-1.52151960387112,1.01055595165708,0.332266651008736,-0.538751013415612
7139,2,-0.786338618211862,-1.17857286415397,-0.649933592493408,-0.744696826316,0.730695476444213
7143,1,-1.22199974358066,0.724489747969988,0.562684114050847,1.18910666364279,0.405815462503293
7146,1,0.0852212612979335,0.328024298942059,-0.653575040482887,1.06306809943626,0.928574441493533
7150,2,-0.63074448598111,-0.797790328802177,0.697038672657496,4.79247481149881,-1.1017538107352
7153,1,-0.994938260283757,0.441957629322486,-0.345240368344914,0.394775740261828,1.89281917309843
7159,2,-0.140095264649112,-1.28914658133845,0.50567896890061,-0.390501246409389,0.192555093054268
7163,2,1.19884461652037,-0.746421083717363,2.4982411414422,-0.159117547151828,0.131254072636489
7169,1,0.70466069708966,-0.770145340627269,0.626139847281897,1.73551115098073,5.08983933280966
8015,2,-1.21249012954629,-0.349521408203023,1.7589410088791,0.195020256810843,0.873005319462577
8083,1,0.0108146912987513,-0.00341871261837339,-0.984117410610826,-0.413824030817468,-0.125144141022575
8145,2,-0.331465996001904,0.243456480127107,0.298444297122443,-0.110267027609233,-0.381573317460896
8146,2,-0.659915670201178,-0.860566714453018,-1.27260587472541,-0.139096248347135,0.246109333453669
8154,2,-0.0385008533410047,-0.355314220442585,-1.29597090161815,2.65480494628457,-1.85115447422702
9010,2,0.00569982433786788,-0.792400822063279,-0.0744789853600516,-0.909497481096274,1.10381174642829
9012,2,-0.374921123658522,-1.21313075039038,-1.21387374940694,-0.0763864499789182,0.0917186046381777
